furigana,actor_name,sakuhin_su,act_gazou_url,sakuhin_url
うﾞぃくとりあゆき,ヴィクトリア・ユキ,4,https://pics.dmm.co.jp/mono/actjpgs/medium/victoria_yuki.jpg,https://www.dmm.co.jp/digital/videoa/-/list/=/article=actress/id=1027508/
う゛ぁれんたりっち,ヴァレンタリッチ,22,https://pics.dmm.co.jp/mono/actjpgs/medium/varentaritti.jpg,https://www.dmm.co.jp/digital/videoa/-/list/=/article=actress/id=1055815/
う゛ぃっきー,ヴィッキー,2,https://pics.dmm.co.jp/mono/actjpgs/medium/vickie.jpg,https://www.dmm.co.jp/digital/videoa/-/list/=/article=actress/id=13483/
ういねんね,初愛ねんね,147,https://pics.dmm.co.jp/mono/actjpgs/medium/ui_nenne.jpg,https://www.dmm.co.jp/digital/videoa/-/list/=/article=actress/id=1065526/
うえきしょうこ,植木翔子,38,https://pics.dmm.co.jp/mono/actjpgs/medium/ueki_syouko.jpg,https://www.dmm.co.jp/digital/videoa/-/list/=/article=actress/id=1046997/
うえきみどり,植木緑俚,1,https://pics.dmm.co.jp/mono/actjpgs/medium/ueki_midori.jpg,https://www.dmm.co.jp/digital/videoa/-/list/=/article=actress/id=1026275/
うえすぎあう゛りる,上杉アヴリル,5,https://pics.dmm.co.jp/mono/actjpgs/medium/uesugi_avriru.jpg,https://www.dmm.co.jp/digital/videoa/-/list/=/article=actress/id=1018537/
うえすぎあや,上杉あや,6,https://pics.dmm.co.jp/mono/actjpgs/medium/uesugi_aya.jpg,https://www.dmm.co.jp/digital/videoa/-/list/=/article=actress/id=1504/
うえすぎかよこ,上杉佳代子,19,https://pics.dmm.co.jp/mono/actjpgs/medium/uesugi_kayoko.jpg,https://www.dmm.co.jp/digital/videoa/-/list/=/article=actress/id=1506/
うえすぎみなこ,上杉みなこ,7,https://pics.dmm.co.jp/mono/actjpgs/medium/uesugi_minako.jpg,https://www.dmm.co.jp/digital/videoa/-/list/=/article=actress/id=5760/
うえすぎみなみ,上杉みなみ,5,https://pics.dmm.co.jp/mono/actjpgs/medium/uesugi_minami3.jpg,https://www.dmm.co.jp/digital/videoa/-/list/=/article=actress/id=1022155/
うえぞのゆりか,上園ゆりか,20,https://pics.dmm.co.jp/mono/actjpgs/medium/uezono_yurika.jpg,https://www.dmm.co.jp/digital/videoa/-/list/=/article=actress/id=1037691/
うえだあや,植田彩,1,https://pics.dmm.co.jp/mono/actjpgs/medium/ueda_aya.jpg,https://www.dmm.co.jp/digital/videoa/-/list/=/article=actress/id=28027/
うえだじゅり,上田樹里,1,https://pics.dmm.co.jp/mono/actjpgs/medium/ueda_zyuri.jpg,https://www.dmm.co.jp/digital/videoa/-/list/=/article=actress/id=5078/
うえだまな,植田真奈,9,https://pics.dmm.co.jp/mono/actjpgs/medium/ueda_mana.jpg,https://www.dmm.co.jp/digital/videoa/-/list/=/article=actress/id=1525/
うえだみほ,上田美穂,11,https://pics.dmm.co.jp/mono/actjpgs/medium/ueda_miho.jpg,https://www.dmm.co.jp/digital/videoa/-/list/=/article=actress/id=1519/
うえとあい,上戸あい,28,https://pics.dmm.co.jp/mono/actjpgs/medium/ueto_ai.jpg,https://www.dmm.co.jp/digital/videoa/-/list/=/article=actress/id=16286/
うえとかえで,上戸楓,1,https://pics.dmm.co.jp/mono/actjpgs/medium/ueto_kaede.jpg,https://www.dmm.co.jp/digital/videoa/-/list/=/article=actress/id=25144/
うえのあかり,上野朱里,8,https://pics.dmm.co.jp/mono/actjpgs/medium/ueno_akari.jpg,https://www.dmm.co.jp/digital/videoa/-/list/=/article=actress/id=1053042/
うえのあや,上野綾,12,https://pics.dmm.co.jp/mono/actjpgs/medium/ueno_aya.jpg,https://www.dmm.co.jp/digital/videoa/-/list/=/article=actress/id=28352/
うえのさくら,上野さくら,11,https://pics.dmm.co.jp/mono/actjpgs/medium/ueno_sakura2.jpg,https://www.dmm.co.jp/digital/videoa/-/list/=/article=actress/id=24173/
うえのしずく,上野雫,3,https://pics.dmm.co.jp/mono/actjpgs/medium/ueno_siduku.jpg,https://www.dmm.co.jp/digital/videoa/-/list/=/article=actress/id=1010728/
うえのなほ,上野菜穂,55,https://pics.dmm.co.jp/mono/actjpgs/medium/ueno_naho.jpg,https://www.dmm.co.jp/digital/videoa/-/list/=/article=actress/id=1027407/
うえのひとみ,上野ひとみ,32,https://pics.dmm.co.jp/mono/actjpgs/medium/ueno_hitomi.jpg,https://www.dmm.co.jp/digital/videoa/-/list/=/article=actress/id=21022/
うえのゆい,上野結,6,https://pics.dmm.co.jp/mono/actjpgs/medium/ueno_yui.jpg,https://www.dmm.co.jp/digital/videoa/-/list/=/article=actress/id=4489/
うえのゆり,上野ゆり,43,https://pics.dmm.co.jp/mono/actjpgs/medium/ueno_yuri.jpg,https://www.dmm.co.jp/digital/videoa/-/list/=/article=actress/id=14907/
うえのるか,うえのるか,2,https://pics.dmm.co.jp/mono/actjpgs/medium/ueno_ruka.jpg,https://www.dmm.co.jp/digital/videoa/-/list/=/article=actress/id=5659/
うえはあや,上羽絢,6,https://pics.dmm.co.jp/mono/actjpgs/medium/ueha_aya.jpg,https://www.dmm.co.jp/digital/videoa/-/list/=/article=actress/id=1076338/
うえはらあい,上原亜衣,24,https://pics.dmm.co.jp/mono/actjpgs/medium/uehara_ai02.jpg,https://www.dmm.co.jp/digital/videoa/-/list/=/article=actress/id=1011199/
うえはらあき,上原秋,2,https://pics.dmm.co.jp/mono/actjpgs/medium/uehara_aki.jpg,https://www.dmm.co.jp/digital/videoa/-/list/=/article=actress/id=13484/
うえはらあや,上原綾,2,https://pics.dmm.co.jp/mono/actjpgs/medium/uehara_aya.jpg,https://www.dmm.co.jp/digital/videoa/-/list/=/article=actress/id=7515/
うえはらあやか,上原あやか,20,https://pics.dmm.co.jp/mono/actjpgs/medium/uehara_ayaka.jpg,https://www.dmm.co.jp/digital/videoa/-/list/=/article=actress/id=1487/
うえはらいづみ,上原いづみ,8,https://pics.dmm.co.jp/mono/actjpgs/medium/uehara_idumi.jpg,https://www.dmm.co.jp/digital/videoa/-/list/=/article=actress/id=1488/
うえはらえりか,上原絵里香,10,https://pics.dmm.co.jp/mono/actjpgs/medium/uehara_erika.jpg,https://www.dmm.co.jp/digital/videoa/-/list/=/article=actress/id=4004/
うえはらかえら,上原カエラ,142,https://pics.dmm.co.jp/mono/actjpgs/medium/uehara_kaera.jpg,https://www.dmm.co.jp/digital/videoa/-/list/=/article=actress/id=26454/
うえはらかすみ,上原かすみ,3,https://pics.dmm.co.jp/mono/actjpgs/medium/uehara_kasumi.jpg,https://www.dmm.co.jp/digital/videoa/-/list/=/article=actress/id=1489/
うえはらかすみ,上原空,79,https://pics.dmm.co.jp/mono/actjpgs/medium/uehara_kasumi2.jpg,https://www.dmm.co.jp/digital/videoa/-/list/=/article=actress/id=14179/
うえはらかほ,上原果歩,31,https://pics.dmm.co.jp/mono/actjpgs/medium/uehara_kaho.jpg,https://www.dmm.co.jp/digital/videoa/-/list/=/article=actress/id=1028468/
うえはらかれん,上原花恋,36,https://pics.dmm.co.jp/mono/actjpgs/medium/uehara_karen.jpg,https://www.dmm.co.jp/digital/videoa/-/list/=/article=actress/id=1017805/
うえはらけい,上原圭,5,https://pics.dmm.co.jp/mono/actjpgs/medium/uehara_kei.jpg,https://www.dmm.co.jp/digital/videoa/-/list/=/article=actress/id=4263/
うえはらさゆり,上原さゆり,10,https://pics.dmm.co.jp/mono/actjpgs/medium/uehara_sayuri.jpg,https://www.dmm.co.jp/digital/videoa/-/list/=/article=actress/id=29799/
うえはらさゆり,上原さゆり,34,https://pics.dmm.co.jp/mono/actjpgs/medium/uehara_sayuri2.jpg,https://www.dmm.co.jp/digital/videoa/-/list/=/article=actress/id=29842/
うえはらちか,上原千佳,23,https://pics.dmm.co.jp/mono/actjpgs/medium/uehara_tika.jpg,https://www.dmm.co.jp/digital/videoa/-/list/=/article=actress/id=1043545/
うえはらちなつ,上原ちなつ,2,https://pics.dmm.co.jp/mono/actjpgs/medium/uehara_tinatu.jpg,https://www.dmm.co.jp/digital/videoa/-/list/=/article=actress/id=24373/
うえはらちひろ,上原千尋,119,https://pics.dmm.co.jp/mono/actjpgs/medium/uehara_tihiro.jpg,https://www.dmm.co.jp/digital/videoa/-/list/=/article=actress/id=1014276/
うえはらともみ,上原朋美,5,https://pics.dmm.co.jp/mono/actjpgs/medium/uehara_tomomi.jpg,https://www.dmm.co.jp/digital/videoa/-/list/=/article=actress/id=1497/
うえはらともみ,上原友美,8,https://pics.dmm.co.jp/mono/actjpgs/medium/uehara_tomomi2.jpg,https://www.dmm.co.jp/digital/videoa/-/list/=/article=actress/id=19012/
うえはらなお,上原奈緒,8,https://pics.dmm.co.jp/mono/actjpgs/medium/uehara_nao.jpg,https://www.dmm.co.jp/digital/videoa/-/list/=/article=actress/id=5761/
うえはらなな,上原奈々,5,https://pics.dmm.co.jp/mono/actjpgs/medium/uehara_nana.jpg,https://www.dmm.co.jp/digital/videoa/-/list/=/article=actress/id=1495/
うえはらななこ,上原奈々子,2,https://pics.dmm.co.jp/mono/actjpgs/medium/uehara_nanako.jpg,https://www.dmm.co.jp/digital/videoa/-/list/=/article=actress/id=3263/
うえはらのぞみ,上原のぞみ,32,https://pics.dmm.co.jp/mono/actjpgs/medium/uehara_nozomi.jpg,https://www.dmm.co.jp/digital/videoa/-/list/=/article=actress/id=21079/
うえはらのぞみ,上原のぞみ,49,https://pics.dmm.co.jp/mono/actjpgs/medium/uehara_nozomi2.jpg,https://www.dmm.co.jp/digital/videoa/-/list/=/article=actress/id=1000411/
うえはらはな,上原花,38,https://pics.dmm.co.jp/mono/actjpgs/medium/uehara_hana2.jpg,https://www.dmm.co.jp/digital/videoa/-/list/=/article=actress/id=28356/
うえはらまい,上原舞,9,https://pics.dmm.co.jp/mono/actjpgs/medium/uehara_mai.jpg,https://www.dmm.co.jp/digital/videoa/-/list/=/article=actress/id=1496/
うえはらまい,上原麻衣,9,https://pics.dmm.co.jp/mono/actjpgs/medium/uehara_mai2.jpg,https://www.dmm.co.jp/digital/videoa/-/list/=/article=actress/id=1026605/
うえはらまなみ,上原愛美,2,https://pics.dmm.co.jp/mono/actjpgs/medium/uehara_aimi.jpg,https://www.dmm.co.jp/digital/videoa/-/list/=/article=actress/id=4121/
うえはらまりえ,上原まりえ,7,https://pics.dmm.co.jp/mono/actjpgs/medium/uehara_marie.jpg,https://www.dmm.co.jp/digital/videoa/-/list/=/article=actress/id=21061/
うえはらみき,上原美紀,38,https://pics.dmm.co.jp/mono/actjpgs/medium/uehara_miki.jpg,https://www.dmm.co.jp/digital/videoa/-/list/=/article=actress/id=8223/
うえはらみき（ふくおかみき）,上原みき（福岡未来）,1,https://pics.dmm.co.jp/mono/actjpgs/medium/uehara_miki2.jpg,https://www.dmm.co.jp/digital/videoa/-/list/=/article=actress/id=24994/
うえはらみく,上原みく,13,https://pics.dmm.co.jp/mono/actjpgs/medium/uehara_miku.jpg,https://www.dmm.co.jp/digital/videoa/-/list/=/article=actress/id=1036386/
うえはらみずほ,上原瑞穂,2,https://pics.dmm.co.jp/mono/actjpgs/medium/uehara_mizuho.jpg,https://www.dmm.co.jp/digital/videoa/-/list/=/article=actress/id=1012092/
うえはらみつこ,上原光子,3,https://pics.dmm.co.jp/mono/actjpgs/medium/uehara_mituko.jpg,https://www.dmm.co.jp/digital/videoa/-/list/=/article=actress/id=7635/
うえはらみな,上原美菜,17,https://pics.dmm.co.jp/mono/actjpgs/medium/uehara_mina.jpg,https://www.dmm.co.jp/digital/videoa/-/list/=/article=actress/id=23875/
うえはらみゆき,上原みゆき,1,https://pics.dmm.co.jp/mono/actjpgs/medium/uehara_miyuki2.jpg,https://www.dmm.co.jp/digital/videoa/-/list/=/article=actress/id=3686/
うえはらみゆき,上原深雪,42,https://pics.dmm.co.jp/mono/actjpgs/medium/uehara_miyuki.jpg,https://www.dmm.co.jp/digital/videoa/-/list/=/article=actress/id=7656/
うえはらめぐみ,上原めぐみ,1,https://pics.dmm.co.jp/mono/actjpgs/medium/uehara_megumi.jpg,https://www.dmm.co.jp/digital/videoa/-/list/=/article=actress/id=1491/
うえはらもね,上原もね,20,https://pics.dmm.co.jp/mono/actjpgs/medium/uehara_mone.jpg,https://www.dmm.co.jp/digital/videoa/-/list/=/article=actress/id=1012206/
うえはらゆあ,上原ゆあ,1,https://pics.dmm.co.jp/mono/actjpgs/medium/uehara_yua.jpg,https://www.dmm.co.jp/digital/videoa/-/list/=/article=actress/id=1012913/
うえはらゆい,上原結衣,28,https://pics.dmm.co.jp/mono/actjpgs/medium/uehara_yui5.jpg,https://www.dmm.co.jp/digital/videoa/-/list/=/article=actress/id=1005450/
うえはらゆう,上原優,106,https://pics.dmm.co.jp/mono/actjpgs/medium/uehara_yuu.jpg,https://www.dmm.co.jp/digital/videoa/-/list/=/article=actress/id=23368/
うえはらゆうな,上原優奈,3,https://pics.dmm.co.jp/mono/actjpgs/medium/uehara_yuuna.jpg,https://www.dmm.co.jp/digital/videoa/-/list/=/article=actress/id=3279/
うえはらゆうみ,上原優実,42,https://pics.dmm.co.jp/mono/actjpgs/medium/uehara_yuumi.jpg,https://www.dmm.co.jp/digital/videoa/-/list/=/article=actress/id=13920/
うえはらゆか,上原ゆか,5,https://pics.dmm.co.jp/mono/actjpgs/medium/uehara_yuka.jpg,https://www.dmm.co.jp/digital/videoa/-/list/=/article=actress/id=3445/
うえはらりか,上原里香,20,https://pics.dmm.co.jp/mono/actjpgs/medium/uehara_rika.jpg,https://www.dmm.co.jp/digital/videoa/-/list/=/article=actress/id=1499/
うえはらりな,上原リナ,38,https://pics.dmm.co.jp/mono/actjpgs/medium/uehara_rina.jpg,https://www.dmm.co.jp/digital/videoa/-/list/=/article=actress/id=22384/
うえはらるか,上原留華,105,https://pics.dmm.co.jp/mono/actjpgs/medium/uehara_ruka.jpg,https://www.dmm.co.jp/digital/videoa/-/list/=/article=actress/id=9677/
うえはられな,上原怜奈,18,https://pics.dmm.co.jp/mono/actjpgs/medium/uehara_rena.jpg,https://www.dmm.co.jp/digital/videoa/-/list/=/article=actress/id=1016747/
うえまつのぶこ,上松信子,1,https://pics.dmm.co.jp/mono/actjpgs/medium/uematu_nobuko.jpg,https://www.dmm.co.jp/digital/videoa/-/list/=/article=actress/id=15943/
うえむらあい,上村愛,72,https://pics.dmm.co.jp/mono/actjpgs/medium/uemura_ai.jpg,https://www.dmm.co.jp/digital/videoa/-/list/=/article=actress/id=5433/
うえむらあすか,上村あすか,2,https://pics.dmm.co.jp/mono/actjpgs/medium/uemura_asuka.jpg,https://www.dmm.co.jp/digital/videoa/-/list/=/article=actress/id=703/
うえむらあずさ,上村あずさ,45,https://pics.dmm.co.jp/mono/actjpgs/medium/uemura_azusa.jpg,https://www.dmm.co.jp/digital/videoa/-/list/=/article=actress/id=1005445/
うえむらえな,植村恵名,29,https://pics.dmm.co.jp/mono/actjpgs/medium/uemura_ena.jpg,https://www.dmm.co.jp/digital/videoa/-/list/=/article=actress/id=1042477/
うえむらかすみ,上村香澄,33,https://pics.dmm.co.jp/mono/actjpgs/medium/uemura_kasumi.jpg,https://www.dmm.co.jp/digital/videoa/-/list/=/article=actress/id=1004623/
うえむらしほ,上村志保,15,https://pics.dmm.co.jp/mono/actjpgs/medium/uemura_siho.jpg,https://www.dmm.co.jp/digital/videoa/-/list/=/article=actress/id=1513/
うえむらなお,上村奈緒,1,https://pics.dmm.co.jp/mono/actjpgs/medium/uemura_nao.jpg,https://www.dmm.co.jp/digital/videoa/-/list/=/article=actress/id=1000915/
うえむらはるな,上村春奈,19,https://pics.dmm.co.jp/mono/actjpgs/medium/uemura_haruna.jpg,https://www.dmm.co.jp/digital/videoa/-/list/=/article=actress/id=1514/
うえむらひな,上村ひな,14,https://pics.dmm.co.jp/mono/actjpgs/medium/uemura_hina.jpg,https://www.dmm.co.jp/digital/videoa/-/list/=/article=actress/id=1511/
うえむらまひろ,上村まひろ,2,https://pics.dmm.co.jp/mono/actjpgs/medium/uemura_mahiro.jpg,https://www.dmm.co.jp/digital/videoa/-/list/=/article=actress/id=5193/
うえむらみなみ,上村みなみ,51,https://pics.dmm.co.jp/mono/actjpgs/medium/uemura_minami.jpg,https://www.dmm.co.jp/digital/videoa/-/list/=/article=actress/id=1031170/
うえむらゆうこ,上村優子,7,https://pics.dmm.co.jp/mono/actjpgs/medium/uemura_yuuko.jpg,https://www.dmm.co.jp/digital/videoa/-/list/=/article=actress/id=20116/
うえむらよりこ,上村頼子,15,https://pics.dmm.co.jp/mono/actjpgs/medium/uemura_yoriko.jpg,https://www.dmm.co.jp/digital/videoa/-/list/=/article=actress/id=26882/
うおずみさえ,魚住紗江,11,https://pics.dmm.co.jp/mono/actjpgs/medium/uozumi_sae.jpg,https://www.dmm.co.jp/digital/videoa/-/list/=/article=actress/id=23369/
うおずみりな,魚住里奈,69,https://pics.dmm.co.jp/mono/actjpgs/medium/uozumi_rina.jpg,https://www.dmm.co.jp/digital/videoa/-/list/=/article=actress/id=22010/
うがきちさと,宇垣ちさと,43,https://pics.dmm.co.jp/mono/actjpgs/medium/ugaki_chisato.jpg,https://www.dmm.co.jp/digital/videoa/-/list/=/article=actress/id=1035344/
うさぎあいか,宇佐木あいか,100,https://pics.dmm.co.jp/mono/actjpgs/medium/usagi_aika.jpg,https://www.dmm.co.jp/digital/videoa/-/list/=/article=actress/id=1054437/
うさぎつばさ,うさぎつばさ,5,https://pics.dmm.co.jp/mono/actjpgs/medium/usagi_tubasa.jpg,https://www.dmm.co.jp/digital/videoa/-/list/=/article=actress/id=1000262/
うさぎもも,宇佐木もも,14,https://pics.dmm.co.jp/mono/actjpgs/medium/usagi_momo.jpg,https://www.dmm.co.jp/digital/videoa/-/list/=/article=actress/id=1027933/
うさぎらん,宇沙城らん,30,https://pics.dmm.co.jp/mono/actjpgs/medium/usagi_ran.jpg,https://www.dmm.co.jp/digital/videoa/-/list/=/article=actress/id=1025928/
うさだひかる,うさだひかる,8,https://pics.dmm.co.jp/mono/actjpgs/medium/usada_hikaru.jpg,https://www.dmm.co.jp/digital/videoa/-/list/=/article=actress/id=3836/
うさみきょうか,うさみ恭香,100,https://pics.dmm.co.jp/mono/actjpgs/medium/usami_kyouka.jpg,https://www.dmm.co.jp/digital/videoa/-/list/=/article=actress/id=32/
うさみなな,宇佐美奈々,16,https://pics.dmm.co.jp/mono/actjpgs/medium/usami_nana.jpg,https://www.dmm.co.jp/digital/videoa/-/list/=/article=actress/id=4564/
うさみなな,宇佐美なな,385,https://pics.dmm.co.jp/mono/actjpgs/medium/usami_nana2.jpg,https://www.dmm.co.jp/digital/videoa/-/list/=/article=actress/id=1008154/
うさみはる,羽咲みはる,249,https://pics.dmm.co.jp/mono/actjpgs/medium/usa_miharu.jpg,https://www.dmm.co.jp/digital/videoa/-/list/=/article=actress/id=1033976/
うさみまい,宇佐美まい,44,https://pics.dmm.co.jp/mono/actjpgs/medium/usami_mai.jpg,https://www.dmm.co.jp/digital/videoa/-/list/=/article=actress/id=1022976/
うさみみか,宇佐美みか,13,https://pics.dmm.co.jp/mono/actjpgs/medium/usami_mika.jpg,https://www.dmm.co.jp/digital/videoa/-/list/=/article=actress/id=1045646/
うさみめい,羽佐美めい,1,https://pics.dmm.co.jp/mono/actjpgs/medium/usami_mei.jpg,https://www.dmm.co.jp/digital/videoa/-/list/=/article=actress/id=1077519/
うさみりょう,宇佐美りょう,3,https://pics.dmm.co.jp/mono/actjpgs/medium/usami_ryou.jpg,https://www.dmm.co.jp/digital/videoa/-/list/=/article=actress/id=19763/
うさみれいな,宇佐美玲奈,29,https://pics.dmm.co.jp/mono/actjpgs/medium/usami_reina.jpg,https://www.dmm.co.jp/digital/videoa/-/list/=/article=actress/id=1071821/
うしおあやな,潮絢那,51,https://pics.dmm.co.jp/mono/actjpgs/medium/usio_ayana.jpg,https://www.dmm.co.jp/digital/videoa/-/list/=/article=actress/id=1029968/
うしごめじゅんな,牛込純菜,11,https://pics.dmm.co.jp/mono/actjpgs/medium/usigome_zyunna.jpg,https://www.dmm.co.jp/digital/videoa/-/list/=/article=actress/id=1029776/
うすいあいみ,臼井あいみ,26,https://pics.dmm.co.jp/mono/actjpgs/medium/usui_aimi.jpg,https://www.dmm.co.jp/digital/videoa/-/list/=/article=actress/id=1021785/
うすいさとみ,臼井さと美,26,https://pics.dmm.co.jp/mono/actjpgs/medium/usui_satomi.jpg,https://www.dmm.co.jp/digital/videoa/-/list/=/article=actress/id=1031373/
うすいさりゅう,卯水咲流,480,https://pics.dmm.co.jp/mono/actjpgs/medium/usui_saryuu.jpg,https://www.dmm.co.jp/digital/videoa/-/list/=/article=actress/id=1019029/
うすいりな,臼井利奈,98,https://pics.dmm.co.jp/mono/actjpgs/medium/usui_rina.jpg,https://www.dmm.co.jp/digital/videoa/-/list/=/article=actress/id=3215/
うすいれん,碓氷れん,46,https://pics.dmm.co.jp/mono/actjpgs/medium/usui_ren.jpg,https://www.dmm.co.jp/digital/videoa/-/list/=/article=actress/id=1066536/
うたかたゆうき,泡沫ゆうき,67,https://pics.dmm.co.jp/mono/actjpgs/medium/utakata_yuuki.jpg,https://www.dmm.co.jp/digital/videoa/-/list/=/article=actress/id=1048873/
うたしまほのか,詩島ほのか,7,https://pics.dmm.co.jp/mono/actjpgs/medium/utasima_honoka.jpg,https://www.dmm.co.jp/digital/videoa/-/list/=/article=actress/id=1030343/
うただあみ,宇多田あみ,25,https://pics.dmm.co.jp/mono/actjpgs/medium/utada_ami.jpg,https://www.dmm.co.jp/digital/videoa/-/list/=/article=actress/id=1042378/
うだあんり,宇田あんり,2,https://pics.dmm.co.jp/mono/actjpgs/medium/uda_anri.jpg,https://www.dmm.co.jp/digital/videoa/-/list/=/article=actress/id=1033088/
うだなおこ,宇田奈央子,15,https://pics.dmm.co.jp/mono/actjpgs/medium/uda_naoko.jpg,https://www.dmm.co.jp/digital/videoa/-/list/=/article=actress/id=351/
うちかわかほ,内川桂帆,4,https://pics.dmm.co.jp/mono/actjpgs/medium/utikawa_kaho.jpg,https://www.dmm.co.jp/digital/videoa/-/list/=/article=actress/id=1035589/
うちたかおり,内田香織,5,https://pics.dmm.co.jp/mono/actjpgs/medium/utida_kaori.jpg,https://www.dmm.co.jp/digital/videoa/-/list/=/article=actress/id=8139/
うちだあこ,内田亜子,7,https://pics.dmm.co.jp/mono/actjpgs/medium/utida_ako.jpg,https://www.dmm.co.jp/digital/videoa/-/list/=/article=actress/id=1035007/
うちだあや,内田彩,10,https://pics.dmm.co.jp/mono/actjpgs/medium/utida_aya.jpg,https://www.dmm.co.jp/digital/videoa/-/list/=/article=actress/id=6837/
うちだきょうか,内田京香,11,https://pics.dmm.co.jp/mono/actjpgs/medium/utida_kyouka.jpg,https://www.dmm.co.jp/digital/videoa/-/list/=/article=actress/id=9512/
うちだじゅんこ,内田順子,1,https://pics.dmm.co.jp/mono/actjpgs/medium/utida_zyunko.jpg,https://www.dmm.co.jp/digital/videoa/-/list/=/article=actress/id=2538/
うちだのぞみ,内田ノゾミ,2,https://pics.dmm.co.jp/mono/actjpgs/medium/utida_nozomi.jpg,https://www.dmm.co.jp/digital/videoa/-/list/=/article=actress/id=2536/
うちだのぞみ,内田希,5,https://pics.dmm.co.jp/mono/actjpgs/medium/utida_nozomi2.jpg,https://www.dmm.co.jp/digital/videoa/-/list/=/article=actress/id=2537/
うちだまひろ,うちだまひろ,8,https://pics.dmm.co.jp/mono/actjpgs/medium/utida_mahiro.jpg,https://www.dmm.co.jp/digital/videoa/-/list/=/article=actress/id=33/
うちだまゆ,内田真由,38,https://pics.dmm.co.jp/mono/actjpgs/medium/utida_mayu.jpg,https://www.dmm.co.jp/digital/videoa/-/list/=/article=actress/id=1005419/
うちだまゆこ,内田麻由子,3,https://pics.dmm.co.jp/mono/actjpgs/medium/utida_mayuko.jpg,https://www.dmm.co.jp/digital/videoa/-/list/=/article=actress/id=2541/
うちだみこと,内田みこと,4,https://pics.dmm.co.jp/mono/actjpgs/medium/utida_mikoto.jpg,https://www.dmm.co.jp/digital/videoa/-/list/=/article=actress/id=7686/
うちだみなこ,内田美奈子,330,https://pics.dmm.co.jp/mono/actjpgs/medium/utida_minako.jpg,https://www.dmm.co.jp/digital/videoa/-/list/=/article=actress/id=1005444/
うちだももこ（ふじわらたえ）,内田桃子（藤原多恵）,43,https://pics.dmm.co.jp/mono/actjpgs/medium/huziwara_tae.jpg,https://www.dmm.co.jp/digital/videoa/-/list/=/article=actress/id=30339/
うちだりさ,内田莉紗,1,https://pics.dmm.co.jp/mono/actjpgs/medium/utida_risa.jpg,https://www.dmm.co.jp/digital/videoa/-/list/=/article=actress/id=1029972/
うちだりな,内田里奈,5,https://pics.dmm.co.jp/mono/actjpgs/medium/utida_rina.jpg,https://www.dmm.co.jp/digital/videoa/-/list/=/article=actress/id=1069443/
うちみみう,内海みう,15,https://pics.dmm.co.jp/mono/actjpgs/medium/utimi_miu.jpg,https://www.dmm.co.jp/digital/videoa/-/list/=/article=actress/id=1048467/
うちむらなおこ,内村奈緒子,14,https://pics.dmm.co.jp/mono/actjpgs/medium/utimura_naoko.jpg,https://www.dmm.co.jp/digital/videoa/-/list/=/article=actress/id=7946/
うちむらふうか,内村風花,6,https://pics.dmm.co.jp/mono/actjpgs/medium/utimura_huuka.jpg,https://www.dmm.co.jp/digital/videoa/-/list/=/article=actress/id=1028544/
うちむらりな,内村りな,243,https://pics.dmm.co.jp/mono/actjpgs/medium/utimura_rina.jpg,https://www.dmm.co.jp/digital/videoa/-/list/=/article=actress/id=1021930/
うちやまあや,内山あや,6,https://pics.dmm.co.jp/mono/actjpgs/medium/utiyama_aya.jpg,https://www.dmm.co.jp/digital/videoa/-/list/=/article=actress/id=2529/
うちやままい,内山まい,48,https://pics.dmm.co.jp/mono/actjpgs/medium/utiyama_mai.jpg,https://www.dmm.co.jp/digital/videoa/-/list/=/article=actress/id=1032980/
うちやまめい,内山めい,11,https://pics.dmm.co.jp/mono/actjpgs/medium/utiyama_mei.jpg,https://www.dmm.co.jp/digital/videoa/-/list/=/article=actress/id=17185/
うつきりな,卯月梨奈,8,https://pics.dmm.co.jp/mono/actjpgs/medium/utuki_rina.jpg,https://www.dmm.co.jp/digital/videoa/-/list/=/article=actress/id=3574/
うつのみやれな,宇都宮れな,3,https://pics.dmm.co.jp/mono/actjpgs/medium/utunomiya_rena.jpg,https://www.dmm.co.jp/digital/videoa/-/list/=/article=actress/id=6845/
うつみしずか,内海静香,6,https://pics.dmm.co.jp/mono/actjpgs/medium/utumi_sizuka.jpg,https://www.dmm.co.jp/digital/videoa/-/list/=/article=actress/id=1053421/
うつみはるな,内海春菜,9,https://pics.dmm.co.jp/mono/actjpgs/medium/utumi_haruna.jpg,https://www.dmm.co.jp/digital/videoa/-/list/=/article=actress/id=2528/
うづきあすか,卯月あすか,4,https://pics.dmm.co.jp/mono/actjpgs/medium/uzuki_asuka.jpg,https://www.dmm.co.jp/digital/videoa/-/list/=/article=actress/id=11790/
うづきちはや,卯月ちはや,5,https://pics.dmm.co.jp/mono/actjpgs/medium/uduki_tihaya.jpg,https://www.dmm.co.jp/digital/videoa/-/list/=/article=actress/id=1067713/
うづきまい,卯月麻衣,58,https://pics.dmm.co.jp/mono/actjpgs/medium/uduki_mai.jpg,https://www.dmm.co.jp/digital/videoa/-/list/=/article=actress/id=29788/
うづきまなみ,卯月愛美,17,https://pics.dmm.co.jp/mono/actjpgs/medium/uduki_manami2.jpg,https://www.dmm.co.jp/digital/videoa/-/list/=/article=actress/id=24724/
うづきゆかり,卯月ゆかり,3,https://pics.dmm.co.jp/mono/actjpgs/medium/uduki_yukari.jpg,https://www.dmm.co.jp/digital/videoa/-/list/=/article=actress/id=1026295/
うのあんな,宇野杏奈,10,https://pics.dmm.co.jp/mono/actjpgs/medium/uno_anna.jpg,https://www.dmm.co.jp/digital/videoa/-/list/=/article=actress/id=1031448/
うのいおり,宇野伊織,12,https://pics.dmm.co.jp/mono/actjpgs/medium/uno_iori.jpg,https://www.dmm.co.jp/digital/videoa/-/list/=/article=actress/id=29813/
うのかんな（あべかんな）,宇野栞菜（阿部栞菜）,251,https://pics.dmm.co.jp/mono/actjpgs/medium/abe_kanna.jpg,https://www.dmm.co.jp/digital/videoa/-/list/=/article=actress/id=1041625/
うのつぐみ,雲乃亜美,29,https://pics.dmm.co.jp/mono/actjpgs/medium/uno_tugumi.jpg,https://www.dmm.co.jp/digital/videoa/-/list/=/article=actress/id=1024334/
うのゆかり,宇野ゆかり,80,https://pics.dmm.co.jp/mono/actjpgs/medium/uno_yukari.jpg,https://www.dmm.co.jp/digital/videoa/-/list/=/article=actress/id=1026968/
うみのうた,海乃うた,17,https://pics.dmm.co.jp/mono/actjpgs/medium/umino_uta.jpg,https://www.dmm.co.jp/digital/videoa/-/list/=/article=actress/id=1048226/
うみのはるか,海野はるか,5,https://pics.dmm.co.jp/mono/actjpgs/medium/umino_haruka.jpg,https://www.dmm.co.jp/digital/videoa/-/list/=/article=actress/id=534/
うみのまお,羽海野まお,33,https://pics.dmm.co.jp/mono/actjpgs/medium/umino_mao.jpg,https://www.dmm.co.jp/digital/videoa/-/list/=/article=actress/id=1040908/
うみのまりん,海野まりん,11,https://pics.dmm.co.jp/mono/actjpgs/medium/umino_marin.jpg,https://www.dmm.co.jp/digital/videoa/-/list/=/article=actress/id=8221/
うみみやみさき,海宮みさき,22,https://pics.dmm.co.jp/mono/actjpgs/medium/umimiya_misaki.jpg,https://www.dmm.co.jp/digital/videoa/-/list/=/article=actress/id=1043527/
うめさきらん,梅咲蘭,7,https://pics.dmm.co.jp/mono/actjpgs/medium/umesaki_ran.jpg,https://www.dmm.co.jp/digital/videoa/-/list/=/article=actress/id=1026780/
うめだみのり,梅田みのり,15,https://pics.dmm.co.jp/mono/actjpgs/medium/umeda_minori.jpg,https://www.dmm.co.jp/digital/videoa/-/list/=/article=actress/id=1037508/
うめはらすみれ,梅原すみれ,1,https://pics.dmm.co.jp/mono/actjpgs/medium/umehara_sumire.jpg,https://www.dmm.co.jp/digital/videoa/-/list/=/article=actress/id=1036802/
うめみやあやの,梅宮彩乃,15,https://pics.dmm.co.jp/mono/actjpgs/medium/umemiya_ayano.jpg,https://www.dmm.co.jp/digital/videoa/-/list/=/article=actress/id=1016805/
うめみやかおる,梅宮かおる,34,https://pics.dmm.co.jp/mono/actjpgs/medium/umemiya_kaoru.jpg,https://www.dmm.co.jp/digital/videoa/-/list/=/article=actress/id=4135/
うめみやさちこ,梅宮さちこ,10,https://pics.dmm.co.jp/mono/actjpgs/medium/umemiya_satiko.jpg,https://www.dmm.co.jp/digital/videoa/-/list/=/article=actress/id=18713/
うめみやさゆり,梅宮早百合,4,https://pics.dmm.co.jp/mono/actjpgs/medium/umemiya_sayuri.jpg,https://www.dmm.co.jp/digital/videoa/-/list/=/article=actress/id=4943/
うめみやしずか,梅宮しずか,15,https://pics.dmm.co.jp/mono/actjpgs/medium/umemiya_sizuka.jpg,https://www.dmm.co.jp/digital/videoa/-/list/=/article=actress/id=4387/
うめみやりな,梅宮リナ,41,https://pics.dmm.co.jp/mono/actjpgs/medium/umemiya_rina.jpg,https://www.dmm.co.jp/digital/videoa/-/list/=/article=actress/id=30585/
うらさわあやこ,浦沢亜矢子,19,https://pics.dmm.co.jp/mono/actjpgs/medium/urasawa_ayako.jpg,https://www.dmm.co.jp/digital/videoa/-/list/=/article=actress/id=23239/
うらたみらい,浦田みらい,30,https://pics.dmm.co.jp/mono/actjpgs/medium/urata_mirai.jpg,https://www.dmm.co.jp/digital/videoa/-/list/=/article=actress/id=1003749/
うらのみつき,浦野美月,3,https://pics.dmm.co.jp/mono/actjpgs/medium/urano_mituki.jpg,https://www.dmm.co.jp/digital/videoa/-/list/=/article=actress/id=1035383/
うららかうらら,うららか麗,61,https://pics.dmm.co.jp/mono/actjpgs/medium/uraraka_urara.jpg,https://www.dmm.co.jp/digital/videoa/-/list/=/article=actress/id=1059345/
うらん（みやざきちひろ）,うらん（宮崎ちひろ）,7,https://pics.dmm.co.jp/mono/actjpgs/medium/miyazaki_tihiro.jpg,https://www.dmm.co.jp/digital/videoa/-/list/=/article=actress/id=1021361/
うるきさら,宇流木さら,57,https://pics.dmm.co.jp/mono/actjpgs/medium/uruki_sara.jpg,https://www.dmm.co.jp/digital/videoa/-/list/=/article=actress/id=1061347/
うるみゆう,うるみゆう,111,https://pics.dmm.co.jp/mono/actjpgs/medium/urumi_yuu.jpg,https://www.dmm.co.jp/digital/videoa/-/list/=/article=actress/id=23427/
うるやまほ,うるや真帆,38,https://pics.dmm.co.jp/mono/actjpgs/medium/uruya_maho.jpg,https://www.dmm.co.jp/digital/videoa/-/list/=/article=actress/id=1009279/
うるるまみ（ふぶきかのん）,うるるまみ（風吹かのん）,26,https://pics.dmm.co.jp/mono/actjpgs/medium/hubuki_kanon.jpg,https://www.dmm.co.jp/digital/videoa/-/list/=/article=actress/id=27168/
うんのらら,海野空詩,28,https://pics.dmm.co.jp/mono/actjpgs/medium/unno_rara.jpg,https://www.dmm.co.jp/digital/videoa/-/list/=/article=actress/id=1025967/
うんぱい,うんぱい,11,https://pics.dmm.co.jp/mono/actjpgs/medium/unpai.jpg,https://www.dmm.co.jp/digital/videoa/-/list/=/article=actress/id=1074740/
うんめい,運メイ,2,https://pics.dmm.co.jp/mono/actjpgs/medium/un_mei.jpg,https://www.dmm.co.jp/digital/videoa/-/list/=/article=actress/id=1078182/
