4118,アイドル・芸能人
6968,アクメ・オーガズム
6965,アスリート
525,アニメキャラクター
4057,姉・妹
4122,イタズラ
1004,インストラクター
1040,ウェイトレス
4119,エステ
6967,M女
1001,OL
1032,お母さん
1003,女将・女主人
1083,幼なじみ
6947,お婆ちゃん
6943,叔母さん
528,お姫様
6969,お風呂
4140,温泉
1016,女教師
6945,女上司
4026,カーセックス
4123,カップル
1022,家庭教師
1013,看護婦・ナース
1036,キャバ嬢・風俗嬢
1005,キャンギャル
4002,近親相姦
524,義母
1041,コンパニオン
5063,主観
1026,職業色々
4058,ショタ
6966,白目・失神
1014,熟女
1015,女医
1017,女子アナ
1018,女子校生
1019,女子大生
1007,スチュワーデス
6955,セレブ
6959,チアガール
1031,痴女
2019,ツンデレ
6956,デート
4021,盗撮・のぞき
4111,寝取り・寝取られ・NTR
6964,ノーパン
6972,ノーブラ
6957,飲み会・合コン
5071,ハーレム
6974,花嫁
1012,バスガイド
1023,秘書
1039,人妻・主婦
6164,ビッチ
6963,病院・クリニック
1069,不倫
6961,部活・マネージャー
6946,部下・同僚
6937,ヘルス・ソープ
6962,ホテル
4124,マッサージ・リフレ
1025,未亡人
6973,娘・養女
6971,胸チラ
1008,メイド
6936,面接
1009,モデル
4020,野外・露出
6933,ヨガ
4005,乱交
6975,旅行
1011,レースクィーン
1020,若妻・幼妻
