furigana,actor_name,sakuhin_su,act_gazou_url,sakuhin_url
Ç¶Ç¢Ç©ÇÌÇÃÇ†,âhêÏîTàü,559,https://pics.dmm.co.jp/mono/actjpgs/medium/eikawa_noa.jpg,https://www.dmm.co.jp/digital/videoa/-/list/=/article=actress/id=1034918/
Ç¶Ç¢Ç≠ÇÁÇ†Ç‚,âhëqç ,18,https://pics.dmm.co.jp/mono/actjpgs/medium/eikura_aya.jpg,https://www.dmm.co.jp/digital/videoa/-/list/=/article=actress/id=1018887/
Ç¶Ç¢Ç≠ÇÁÇ‹Ç‚,ûƒëqÇ‹Ç‚,3,https://pics.dmm.co.jp/mono/actjpgs/medium/eikura_maya.jpg,https://www.dmm.co.jp/digital/videoa/-/list/=/article=actress/id=1029700/
Ç¶Ç¢Ç∂Ç† Ç©ÇÍÇÁ,ÉGÉCÉWÉA ÉJÉåÉâ,1,https://pics.dmm.co.jp/mono/actjpgs/medium/eizia_karera.jpg,https://www.dmm.co.jp/digital/videoa/-/list/=/article=actress/id=6048/
Ç¶Ç¢ÇÎÇøÇ©,äGêFêÁâ¿,212,https://pics.dmm.co.jp/mono/actjpgs/medium/eiro_tika.jpg,https://www.dmm.co.jp/digital/videoa/-/list/=/article=actress/id=1004964/
Ç¶Ç™Ç›ÇµÇŸ,ç]è„ÇµÇŸ,321,https://pics.dmm.co.jp/mono/actjpgs/medium/egami_siho.jpg,https://www.dmm.co.jp/digital/videoa/-/list/=/article=actress/id=1030623/
Ç¶Ç™ÇÌÇ‹ÇŸ,äGêÏê^îø,15,https://pics.dmm.co.jp/mono/actjpgs/medium/egawa_maho.jpg,https://www.dmm.co.jp/digital/videoa/-/list/=/article=actress/id=16020/
Ç¶ÇÆÇøÇ†Ç‰Ç›,ç]å˚Ç†Ç‰Ç›,2,https://pics.dmm.co.jp/mono/actjpgs/medium/eguti_ayumi.jpg,https://www.dmm.co.jp/digital/videoa/-/list/=/article=actress/id=839/
Ç¶ÇÆÇøÇ´ÇÂÇ§Ç±,ç]å˚ã±éq,17,https://pics.dmm.co.jp/mono/actjpgs/medium/eguti_kyouko.jpg,https://www.dmm.co.jp/digital/videoa/-/list/=/article=actress/id=25907/
Ç¶ÇÆÇøÇ–ÇÎÇ›,ç]å˚ç_î¸,7,https://pics.dmm.co.jp/mono/actjpgs/medium/eguti_hiromi.jpg,https://www.dmm.co.jp/digital/videoa/-/list/=/article=actress/id=1035588/
Ç¶ÇÆÇøÇ›Ç´,ç]å˚î¸ãM,57,https://pics.dmm.co.jp/mono/actjpgs/medium/eguti_miki.jpg,https://www.dmm.co.jp/digital/videoa/-/list/=/article=actress/id=10588/
Ç¶Ç±,eco,78,https://pics.dmm.co.jp/mono/actjpgs/medium/eco.jpg,https://www.dmm.co.jp/digital/videoa/-/list/=/article=actress/id=25359/
Ç¶Ç¥Ç´ÇËÇËÇ©,ç]çËÉäÉäÉJ,3,https://pics.dmm.co.jp/mono/actjpgs/medium/ezaki_ririka.jpg,https://www.dmm.co.jp/digital/videoa/-/list/=/article=actress/id=1018682/
Ç¶Ç∑Ç›Ç©ÇÊ,ç]èZâ√ë„,1,https://pics.dmm.co.jp/mono/actjpgs/medium/esumi_kayo.jpg,https://www.dmm.co.jp/digital/videoa/-/list/=/article=actress/id=1032834/
Ç¶ÇæÇ©Ç®ÇË,ç]ìcÇ©Ç®ÇË,12,https://pics.dmm.co.jp/mono/actjpgs/medium/eda_kaori.jpg,https://www.dmm.co.jp/digital/videoa/-/list/=/article=actress/id=840/
Ç¶ÇæÇÃÇ©Ç®ÇË,é}ñÏçÅêD,3,https://pics.dmm.co.jp/mono/actjpgs/medium/edano_kaori.jpg,https://www.dmm.co.jp/digital/videoa/-/list/=/article=actress/id=1026291/
Ç¶Ç√Ç©Ç»Ç›,ç]í√Ç©Ç»Ç›,17,https://pics.dmm.co.jp/mono/actjpgs/medium/etu_kanami.jpg,https://www.dmm.co.jp/digital/videoa/-/list/=/article=actress/id=6978/
Ç¶Ç∆Ç§Ç≠ÇÁÇÁ,ç]ìåÇ≠ÇÁÇÁ,1,https://pics.dmm.co.jp/mono/actjpgs/medium/etou_kurara.jpg,https://www.dmm.co.jp/digital/videoa/-/list/=/article=actress/id=1026718/
Ç¶Ç∆Ç§ÇøÇ¶,ç]ì°ímé},13,https://pics.dmm.co.jp/mono/actjpgs/medium/etou_tie.jpg,https://www.dmm.co.jp/digital/videoa/-/list/=/article=actress/id=18280/
Ç¶Ç∆Ç§Ç»Ç¨Ç≥,ç]ì°Ç»Ç¨Ç≥,1,https://pics.dmm.co.jp/mono/actjpgs/medium/etou_nagisa.jpg,https://www.dmm.co.jp/digital/videoa/-/list/=/article=actress/id=1052919/
Ç¶Ç∆Ç§Ç»Ç»Ç›,ç]ì°éµäC,7,https://pics.dmm.co.jp/mono/actjpgs/medium/etou_nanami.jpg,https://www.dmm.co.jp/digital/videoa/-/list/=/article=actress/id=4264/
Ç¶Ç∆Ç§Ç›ÇÌ,ç]ì°Ç›ÇÌ,8,https://pics.dmm.co.jp/mono/actjpgs/medium/etou_miwa.jpg,https://www.dmm.co.jp/digital/videoa/-/list/=/article=actress/id=4665/
Ç¶Ç∆Ç§Ç‰Ç¢,ç]ì°Ç‰Ç¢,13,https://pics.dmm.co.jp/mono/actjpgs/medium/etou_yui.jpg,https://www.dmm.co.jp/digital/videoa/-/list/=/article=actress/id=1037794/
Ç¶Ç∆Ç§Ç‰Ç§ÇË,ç]ì°ò–ó¢,32,https://pics.dmm.co.jp/mono/actjpgs/medium/eto_yuri.jpg,https://www.dmm.co.jp/digital/videoa/-/list/=/article=actress/id=1042430/
Ç¶Ç»Ç›Ç‹Ç»,â|îgà§,1,https://pics.dmm.co.jp/mono/actjpgs/medium/enami_mana.jpg,https://www.dmm.co.jp/digital/videoa/-/list/=/article=actress/id=1019325/
Ç¶Ç»Ç›ÇËÇ„Ç§ÅiÇËÇ„Ç§Åj,ç]îgÇËÇ„Ç§ÅiRYU),265,https://pics.dmm.co.jp/mono/actjpgs/medium/ryu.jpg,https://www.dmm.co.jp/digital/videoa/-/list/=/article=actress/id=17145/
Ç¶Ç»ÇÈÇË,ç]ìﬁÇÈÇË,65,https://pics.dmm.co.jp/mono/actjpgs/medium/ena_ruri.jpg,https://www.dmm.co.jp/digital/videoa/-/list/=/article=actress/id=1032260/
Ç¶ÇÃÇ‡Ç∆Ç≥Ç®ÇË,â|ñ{çπêD,1,https://pics.dmm.co.jp/mono/actjpgs/medium/enomoto_saori.jpg,https://www.dmm.co.jp/digital/videoa/-/list/=/article=actress/id=4747/
Ç¶ÇÃÇ‡Ç∆Ç»Ç»,â|ñ{ìÏìﬂ,3,https://pics.dmm.co.jp/mono/actjpgs/medium/enomoto_nana.jpg,https://www.dmm.co.jp/digital/videoa/-/list/=/article=actress/id=1031106/
Ç¶ÇÃÇ‡Ç∆ÇÃÇËÇ±,â|ñ{ìTéq,22,https://pics.dmm.co.jp/mono/actjpgs/medium/enomoto_noriko.jpg,https://www.dmm.co.jp/digital/videoa/-/list/=/article=actress/id=19485/
Ç¶ÇÃÇ‡Ç∆ÇÕÇ√Ç´,â|ñ{ótåé,8,https://pics.dmm.co.jp/mono/actjpgs/medium/enomoto_haduki.jpg,https://www.dmm.co.jp/digital/videoa/-/list/=/article=actress/id=1034888/
Ç¶ÇÃÇ‡Ç∆Ç‹Ç«Ç©,â|ñ{Ç‹Ç«Ç©,8,https://pics.dmm.co.jp/mono/actjpgs/medium/enomoto_madoka.jpg,https://www.dmm.co.jp/digital/videoa/-/list/=/article=actress/id=387/
Ç¶ÇÃÇ‡Ç∆Ç›Ç≥Ç´,â|ñ{î¸çÁ,61,https://pics.dmm.co.jp/mono/actjpgs/medium/enomoto_misaki.jpg,https://www.dmm.co.jp/digital/videoa/-/list/=/article=actress/id=1037827/
Ç¶ÇÃÇ‡Ç∆Ç‰Ç§Ç´,â|ñ{óSäÛ,5,https://pics.dmm.co.jp/mono/actjpgs/medium/enomoto_yuuki.jpg,https://www.dmm.co.jp/digital/videoa/-/list/=/article=actress/id=1029914/
Ç¶ÇÃÇ‡Ç∆Ç‰Ç§Ç»,â|ñ{Ç‰Ç§Ç»,16,https://pics.dmm.co.jp/mono/actjpgs/medium/enomoto_yuuna.jpg,https://www.dmm.co.jp/digital/videoa/-/list/=/article=actress/id=22864/
Ç¶ÇÃÇ‡Ç∆Ç‰Ç´Ç»,â|ñ{óDé˜çÿ,3,https://pics.dmm.co.jp/mono/actjpgs/medium/enomoto_yukina.jpg,https://www.dmm.co.jp/digital/videoa/-/list/=/article=actress/id=1031449/
Ç¶ÇÃÇ‡Ç∆ÇÁÇÒ,â|ñ{ÇÁÇÒ,22,https://pics.dmm.co.jp/mono/actjpgs/medium/enomoto_ran.jpg,https://www.dmm.co.jp/digital/videoa/-/list/=/article=actress/id=24035/
Ç¶ÇÃÇ‡Ç∆ÇÍÇ¢Ç©,â|ñ{ó‰â‘,1,https://pics.dmm.co.jp/mono/actjpgs/medium/enomoto_reika.jpg,https://www.dmm.co.jp/digital/videoa/-/list/=/article=actress/id=1005369/
Ç¶ÇÕÇÁÇ†ÇØÇ›ÅiÇ›ÇÌÇøÇ†Ç´Åj,ç]å¥Ç†ÇØÇ›Åiî¸ó÷ÇøÇ†Ç´Åj,136,https://pics.dmm.co.jp/mono/actjpgs/medium/ehara_akemi.jpg,https://www.dmm.co.jp/digital/videoa/-/list/=/article=actress/id=1005881/
Ç¶ÇÕÇÁÇ‰Ç´Ç»,äGå¥Ç‰Ç´Ç»,9,https://pics.dmm.co.jp/mono/actjpgs/medium/ehara_yukina.jpg,https://www.dmm.co.jp/digital/videoa/-/list/=/article=actress/id=1022329/
Ç¶Ç—Ç≥ÇÌÇ‰ÇË,ÂÇëÚóFó¢,1,https://pics.dmm.co.jp/mono/actjpgs/medium/ebisawa_yuri.jpg,https://www.dmm.co.jp/digital/videoa/-/list/=/article=actress/id=1021327/
Ç¶Ç—ÇÕÇÁÇ†ÇËÇ≥,ÂÇå¥Ç†ÇËÇ≥,8,https://pics.dmm.co.jp/mono/actjpgs/medium/ebihara_arisa.jpg,https://www.dmm.co.jp/digital/videoa/-/list/=/article=actress/id=25972/
Ç¶Ç—ÇÕÇÁÇ≥Ç≠ÇÁ,ÂÇå¥Ç≥Ç≠ÇÁ,8,https://pics.dmm.co.jp/mono/actjpgs/medium/ebihara_sakura.jpg,https://www.dmm.co.jp/digital/videoa/-/list/=/article=actress/id=1021076/
Ç¶Ç—ÇÕÇÁÇµÇÃÇ‘,äCòVå¥ÇµÇÃÇ‘,62,https://pics.dmm.co.jp/mono/actjpgs/medium/ebihara_sinobu.jpg,https://www.dmm.co.jp/digital/videoa/-/list/=/article=actress/id=9212/
Ç¶Ç—ÇÕÇÁÇµÇ„ÇË,ÂÇå¥éÈó¢,14,https://pics.dmm.co.jp/mono/actjpgs/medium/ebihara_syuri.jpg,https://www.dmm.co.jp/digital/videoa/-/list/=/article=actress/id=20382/
Ç¶Ç—ÇÕÇÁÇ–Ç∆Ç›,äCòVå¥Ç–Ç∆Ç›,5,https://pics.dmm.co.jp/mono/actjpgs/medium/ebihara_hitomi.jpg,https://www.dmm.co.jp/digital/videoa/-/list/=/article=actress/id=1007356/
Ç¶Ç—ÇÕÇÁÇ–ÇﬂÇ»,ÂÇå¥ïPìﬁ,27,https://pics.dmm.co.jp/mono/actjpgs/medium/ebihara_himena.jpg,https://www.dmm.co.jp/digital/videoa/-/list/=/article=actress/id=20077/
Ç¶Ç—ÇÕÇÁÇ‹Ç¢,ÂÇå¥Ç‹Ç¢,14,https://pics.dmm.co.jp/mono/actjpgs/medium/ebihara_mai.jpg,https://www.dmm.co.jp/digital/videoa/-/list/=/article=actress/id=18896/
Ç¶Ç—ÇÕÇÁÇ›Ç»Ç›,ÂÇå¥Ç›Ç»Ç›,58,https://pics.dmm.co.jp/mono/actjpgs/medium/ebihara_minami.jpg,https://www.dmm.co.jp/digital/videoa/-/list/=/article=actress/id=19044/
Ç¶Ç—ÇÕÇÁÇ‰Ç´,ÂÇå¥Ç‰Ç´,4,https://pics.dmm.co.jp/mono/actjpgs/medium/ebihara_yuki.jpg,https://www.dmm.co.jp/digital/videoa/-/list/=/article=actress/id=1036213/
Ç¶Ç—ÇÕÇÁÇ‰Ç›,ÂÇå¥óFî¸,3,https://pics.dmm.co.jp/mono/actjpgs/medium/ebihara_yumi.jpg,https://www.dmm.co.jp/digital/videoa/-/list/=/article=actress/id=11791/
Ç¶Ç‹ÇÎÅ[ÇÍÇÒÇ∑,ÉGÉ}ÅEÉçÅ[ÉåÉìÉX,11,https://pics.dmm.co.jp/mono/actjpgs/medium/ema_roorensu.jpg,https://www.dmm.co.jp/digital/videoa/-/list/=/article=actress/id=1063723/
Ç¶Ç›ÇË,EMIRI,14,https://pics.dmm.co.jp/mono/actjpgs/medium/emiri3.jpg,https://www.dmm.co.jp/digital/videoa/-/list/=/article=actress/id=1027505/
Ç¶Ç›ÇËÅ[ÅiÇ≥Ç≠ÇÁÇŒÇ–Ç©ÇËÅj,EMILYÅiç˜íÎÇ–Ç©ÇËÅj,180,https://pics.dmm.co.jp/mono/actjpgs/medium/sakuraba_hikari.jpg,https://www.dmm.co.jp/digital/videoa/-/list/=/article=actress/id=1048278/
Ç¶Ç›ÇËÅiÇ†Ç…Å[ÇÍÇ¢Åj,åbî¸óúÅiÉAÉjÅ[óÌÅj,24,https://pics.dmm.co.jp/mono/actjpgs/medium/emiri.jpg,https://www.dmm.co.jp/digital/videoa/-/list/=/article=actress/id=747/
Ç¶Ç›ÇÈÅiÇ≥Ç´Ç»Ç¬Ç›ÅAÇ›Ç∏Ç´ÇÍÇ¢Ç»ÅAÇ‹Ç¬ÇµÇΩÇ›Ç≥Ç∆Åj,EMIRUÅiëÅäÛÇ»Ç¬Ç›ÅAêÖïPóÌìﬁÅAèºâ∫î¸ó¢Åj,30,https://pics.dmm.co.jp/mono/actjpgs/medium/saki_natumi.jpg,https://www.dmm.co.jp/digital/videoa/-/list/=/article=actress/id=5851/
Ç¶Ç‡Ç∆Ç†Ç‚Ç›,ç]ñ{Ç†Ç‚Ç›,29,https://pics.dmm.co.jp/mono/actjpgs/medium/emoto_ayami.jpg,https://www.dmm.co.jp/digital/videoa/-/list/=/article=actress/id=1068125/
Ç¶Ç‡Ç∆Ç‰Ç´,ç]ñ{óFãI,13,https://pics.dmm.co.jp/mono/actjpgs/medium/emoto_yuki.jpg,https://www.dmm.co.jp/digital/videoa/-/list/=/article=actress/id=843/
Ç¶Ç‡ÇËÇµÇ∏Ç©,ç]êXê√çÅ,12,https://pics.dmm.co.jp/mono/actjpgs/medium/emori_sizuka.jpg,https://www.dmm.co.jp/digital/videoa/-/list/=/article=actress/id=6563/
Ç¶ÇËÇ©,à§óúâÿ,7,https://pics.dmm.co.jp/mono/actjpgs/medium/erika.jpg,https://www.dmm.co.jp/digital/videoa/-/list/=/article=actress/id=4562/
Ç¶ÇËÇ©,ERica,3,https://pics.dmm.co.jp/mono/actjpgs/medium/erika3.jpg,https://www.dmm.co.jp/digital/videoa/-/list/=/article=actress/id=14494/
Ç¶ÇËÇ©ÅiÇ‡Ç©Åj,ERIKAÅiÉÇÉJÅAMOKAÅj,565,https://pics.dmm.co.jp/mono/actjpgs/medium/erika2.jpg,https://www.dmm.co.jp/digital/videoa/-/list/=/article=actress/id=23120/
Ç¶ÇËÇ»,Erina,57,https://pics.dmm.co.jp/mono/actjpgs/medium/erina.jpg,https://www.dmm.co.jp/digital/videoa/-/list/=/article=actress/id=28504/
Ç¶ÇËÇ»,âpó¢ìﬁ,21,https://pics.dmm.co.jp/mono/actjpgs/medium/erina2.jpg,https://www.dmm.co.jp/digital/videoa/-/list/=/article=actress/id=1000567/
Ç¶ÇËÇ»,ERINA,27,https://pics.dmm.co.jp/mono/actjpgs/medium/erina3.jpg,https://www.dmm.co.jp/digital/videoa/-/list/=/article=actress/id=1073440/
Ç¶ÇËÇ»Ç‡Ç†,äGó¢ìﬁÉÇÉA,14,https://pics.dmm.co.jp/mono/actjpgs/medium/erina_moa.jpg,https://www.dmm.co.jp/digital/videoa/-/list/=/article=actress/id=1013277/
Ç¶ÇËÇËÇ©ÅiÇ©ÇΩÇ¨ÇËÇ¶ÇËÇËÇ©Åj,Ç¶ÇËÇËÇ©Åiï–ãÀÇ¶ÇËÇËÇ©Åj,27,https://pics.dmm.co.jp/mono/actjpgs/medium/katagiri_eririka.jpg,https://www.dmm.co.jp/digital/videoa/-/list/=/article=actress/id=1010127/
Ç¶ÇÈ,à§ó⁄,12,https://pics.dmm.co.jp/mono/actjpgs/medium/eru.jpg,https://www.dmm.co.jp/digital/videoa/-/list/=/article=actress/id=6809/
Ç¶ÇÍÇ»,ELENA,4,https://pics.dmm.co.jp/mono/actjpgs/medium/elena.jpg,https://www.dmm.co.jp/digital/videoa/-/list/=/article=actress/id=1016725/
Ç¶ÇÍÇÒ,EREN,1,https://pics.dmm.co.jp/mono/actjpgs/medium/eren.jpg,https://www.dmm.co.jp/digital/videoa/-/list/=/article=actress/id=22692/
Ç¶ÇÒÇ∂ÇÂÇ§Ç–Ç∆Ç›,â~èÈÇ–Ç∆Ç›,618,https://pics.dmm.co.jp/mono/actjpgs/medium/enzyou_hitomi.jpg,https://www.dmm.co.jp/digital/videoa/-/list/=/article=actress/id=27093/
Ç¶ÇÒÇ«Ç§Ç†Ç¢Ç±,âìì°Ç†Ç¢Ç±,28,https://pics.dmm.co.jp/mono/actjpgs/medium/endou_aiko2.jpg,https://www.dmm.co.jp/digital/videoa/-/list/=/article=actress/id=1018001/
Ç¶ÇÒÇ«Ç§ÇµÇŸÇËÅiÇ¶ÇÒÇ«Ç§ÇµÇ®ÇËÅj,âêì∞ÇµÇŸÇËÅiâìì°ÇµÇ®ÇËÅj,691,https://pics.dmm.co.jp/mono/actjpgs/medium/endou_sihori.jpg,https://www.dmm.co.jp/digital/videoa/-/list/=/article=actress/id=24095/
Ç¶ÇÒÇ«Ç§ÇπÇËÇ»,âìì°ê£óúìﬂ,27,https://pics.dmm.co.jp/mono/actjpgs/medium/endou_serina.jpg,https://www.dmm.co.jp/digital/videoa/-/list/=/article=actress/id=26770/
Ç¶ÇÒÇ«Ç§Ç»Ç»Ç›,âìì°Ç»Ç»Ç›,21,https://pics.dmm.co.jp/mono/actjpgs/medium/endou_nanami.jpg,https://www.dmm.co.jp/digital/videoa/-/list/=/article=actress/id=1013171/
Ç¶ÇÒÇ«Ç§Ç‹Ç‰Ç›,âìì°ê^ã|,18,https://pics.dmm.co.jp/mono/actjpgs/medium/endou_mayumi.jpg,https://www.dmm.co.jp/digital/videoa/-/list/=/article=actress/id=11636/
Ç¶ÇÒÇ«Ç§Ç›Ç”Ç‰,âìì°î¸ì~,3,https://pics.dmm.co.jp/mono/actjpgs/medium/endou_mihuyu.jpg,https://www.dmm.co.jp/digital/videoa/-/list/=/article=actress/id=15484/
