希崎ジェシカ,女忍 希崎ジェシカ,https://www.dmm.co.jp/digital/videoa/-/detail/=/cid=shkd00867/,https://pics.dmm.co.jp/digital/video/shkd00867/shkd00867ps.jpg
渚みつき,【VR】退魔くノ一捜査官 ミツキとマコ 降参しても許してくれない波状攻撃！強●うまのり連続生ハメ尋問！！,https://www.dmm.co.jp/digital/videoa/-/detail/=/cid=h_1468cosvr00013/,https://pics.dmm.co.jp/digital/video/h_1468cosvr00013/h_1468cosvr00013ps.jpg
風間ゆみ,本格時代劇エロドラマ くノ一 恥辱の巻,https://www.dmm.co.jp/digital/videoa/-/detail/=/cid=h_067nash00176/,https://pics.dmm.co.jp/digital/video/h_067nash00176/h_067nash00176ps.jpg
川上ゆう（森野雫）,本格時代劇エロドラマ くノ一 服従の巻,https://www.dmm.co.jp/digital/videoa/-/detail/=/cid=h_067nash00269/,https://pics.dmm.co.jp/digital/video/h_067nash00269/h_067nash00269ps.jpg
成宮いろは,くノ一 罠に堕ちた従順女忍者 捕縛快楽調教に悶える無限輪●地獄 成宮いろは,https://www.dmm.co.jp/digital/videoa/-/detail/=/cid=jue00008/,https://pics.dmm.co.jp/digital/video/jue00008/jue00008ps.jpg
月野しずく,忍-SHINOBI- 完全保存版,https://www.dmm.co.jp/digital/videoa/-/detail/=/cid=atad00081/,https://pics.dmm.co.jp/digital/video/atad00081/atad00081ps.jpg
ささきふう香,くノ一忍法戦隊ゴーリューファイブ レズビアン編,https://www.dmm.co.jp/digital/videoa/-/detail/=/cid=h_173try00002/,https://pics.dmm.co.jp/digital/video/h_173try00002/h_173try00002ps.jpg
豊中アリス,ミニマムヒロイン 近未来忍者シノビテクターAlice 豊中アリス,https://www.dmm.co.jp/digital/videoa/-/detail/=/cid=h_173ghls00066/,https://pics.dmm.co.jp/digital/video/h_173ghls00066/h_173ghls00066ps.jpg
久我かのん,ふたなり女下忍衆 集団変態快楽,https://www.dmm.co.jp/digital/videoa/-/detail/=/cid=h_173ghkq00054/,https://pics.dmm.co.jp/digital/video/h_173ghkq00054/h_173ghkq00054ps.jpg
新村あかり,ヒロイン気絶陥落 疾風怒濤シャドウストーム 新村あかり,https://www.dmm.co.jp/digital/videoa/-/detail/=/cid=h_173ghkr00096/,https://pics.dmm.co.jp/digital/video/h_173ghkr00096/h_173ghkr00096ps.jpg
望月あやか,くノ一戦士 シノビテクターMIZUKI スーパーヒロインデビュー 望月あやか,https://www.dmm.co.jp/digital/videoa/-/detail/=/cid=h_173ghls00011/,https://pics.dmm.co.jp/digital/video/h_173ghls00011/h_173ghls00011ps.jpg
波多野結衣,くノ一中出しレ●プ輪● 波多野結衣,https://www.dmm.co.jp/digital/videoa/-/detail/=/cid=3wanz00206/,https://pics.dmm.co.jp/digital/video/3wanz00206/3wanz00206ps.jpg
有村千佳,KUNOICHI-忍- 四 隠密忍者 疾風 有村千佳,https://www.dmm.co.jp/digital/videoa/-/detail/=/cid=h_173gomk00055/,https://pics.dmm.co.jp/digital/video/h_173gomk00055/h_173gomk00055ps.jpg
沢口ケイ,くノ一忍法戦隊ゴーリューファイブ,https://www.dmm.co.jp/digital/videoa/-/detail/=/cid=h_173try00001/,https://pics.dmm.co.jp/digital/video/h_173try00001/h_173try00001ps.jpg
出演者：複数,現役くノ一 ワケありAVデビュー！ くノ一メイ,https://www.dmm.co.jp/digital/videoa/-/detail/=/cid=cnd00157/,https://pics.dmm.co.jp/digital/video/cnd00157/cnd00157ps.jpg
栗崎紗理奈,お金もチンポも大好物！ 爆乳ガチムチ変態忍者,https://www.dmm.co.jp/digital/videoa/-/detail/=/cid=h_455maguro00025/,https://pics.dmm.co.jp/digital/video/h_455maguro00025/h_455maguro00025ps.jpg
坂口華奈,忍者 Vol.1 坂口華奈,https://www.dmm.co.jp/digital/videoa/-/detail/=/cid=h_173tni00001/,https://pics.dmm.co.jp/digital/video/h_173tni00001/h_173tni00001ps.jpg
風間ゆみ,グローバルメディア伝統作品 くノ一 恥辱の快楽拷問に堕ちた美しき女忍者たち 10人 4時間,https://www.dmm.co.jp/digital/videoa/-/detail/=/cid=hmix00013/,https://pics.dmm.co.jp/digital/video/hmix00013/hmix00013ps.jpg
皆瀬杏樹,斬魔忍あんず 皆瀬杏樹,https://www.dmm.co.jp/digital/videoa/-/detail/=/cid=h_173ghkq00088/,https://pics.dmm.co.jp/digital/video/h_173ghkq00088/h_173ghkq00088ps.jpg
さとう遥希,うらバコバコバスツアー2014 補欠者救済？つぼみ風雲斎の野望！！,https://www.dmm.co.jp/digital/videoa/-/detail/=/cid=miad00722/,https://pics.dmm.co.jp/digital/video/miad00722/miad00722ps.jpg
杏美月,爆乳くノ一ムッチリ忍法帖 ～不伊知流女忍者・美月＆ゆり～ 杏美月 本真ゆり,https://www.dmm.co.jp/digital/videoa/-/detail/=/cid=jufd00250/,https://pics.dmm.co.jp/digital/video/jufd00250/jufd00250ps.jpg
藤波さとり,格闘姫陥落 火鷹舞 藤波さとり,https://www.dmm.co.jp/digital/videoa/-/detail/=/cid=h_173ghko00084/,https://pics.dmm.co.jp/digital/video/h_173ghko00084/h_173ghko00084ps.jpg
大橋未久,女忍 大橋未久,https://www.dmm.co.jp/digital/videoa/-/detail/=/cid=mide00060/,https://pics.dmm.co.jp/digital/video/mide00060/mide00060ps.jpg
新村あかり,封魔忍者マイ ～からくり忍者屋敷の罠～ 新村あかり,https://www.dmm.co.jp/digital/videoa/-/detail/=/cid=h_173jmsz00075/,https://pics.dmm.co.jp/digital/video/h_173jmsz00075/h_173jmsz00075ps.jpg
木島すみれ,くいこみ女忍者 股縄浣腸陰裂木馬地獄 木島すみれ,https://www.dmm.co.jp/digital/videoa/-/detail/=/cid=51cmv00065/,https://pics.dmm.co.jp/digital/video/51cmv00065/51cmv00065ps.jpg
あずみ恋,ヒロインイメージファクトリー 06 お七 あずみ恋,https://www.dmm.co.jp/digital/videoa/-/detail/=/cid=h_173gimg00006/,https://pics.dmm.co.jp/digital/video/h_173gimg00006/h_173gimg00006ps.jpg
みおり舞,女下忍衆 ～無念！！散りゐく雑魚くノ一たち～,https://www.dmm.co.jp/digital/videoa/-/detail/=/cid=h_173ghpm00097/,https://pics.dmm.co.jp/digital/video/h_173ghpm00097/h_173ghpm00097ps.jpg
後藤理沙,幻想クノイチ忍法帖 後藤理沙,https://www.dmm.co.jp/digital/videoa/-/detail/=/cid=mtek00001/,https://pics.dmm.co.jp/digital/video/mtek00001/mtek00001ps.jpg
水澤りの,三姉妹vs女剣士 くノ一凌●秘奥義外伝,https://www.dmm.co.jp/digital/videoa/-/detail/=/cid=66avgp110/,https://pics.dmm.co.jp/digital/video/66avgp00110/66avgp00110ps.jpg
出演者：複数,忍者ヒロイン総集編,https://www.dmm.co.jp/digital/videoa/-/detail/=/cid=h_173gdbs00033/,https://pics.dmm.co.jp/digital/video/h_173gdbs00033/h_173gdbs00033ps.jpg
板野有紀,スーパーヒロイン危機一髪！！Vol.56 飛影戦隊カゲレンジャー カゲブルー 板野有紀,https://www.dmm.co.jp/digital/videoa/-/detail/=/cid=h_173thp00056/,https://pics.dmm.co.jp/digital/video/h_173thp00056/h_173thp00056ps.jpg
桜井あゆ,くノ一中出しレ●プ輪● 桜井あゆ,https://www.dmm.co.jp/digital/videoa/-/detail/=/cid=3wanz00135/,https://pics.dmm.co.jp/digital/video/3wanz00135/3wanz00135ps.jpg
美咲沙耶,伊賀VS甲賀 くノ一戦勇記,https://www.dmm.co.jp/digital/videoa/-/detail/=/cid=66damo103/,https://pics.dmm.co.jp/digital/video/66damo00103/66damo00103ps.jpg
JULIA,女忍 JULIA,https://www.dmm.co.jp/digital/videoa/-/detail/=/cid=mide00163/,https://pics.dmm.co.jp/digital/video/mide00163/mide00163ps.jpg
鈴木梨奈,烈風剣ハヤミ 鈴木梨奈,https://www.dmm.co.jp/digital/videoa/-/detail/=/cid=h_173tdm00005/,https://pics.dmm.co.jp/digital/video/h_173tdm00005/h_173tdm00005ps.jpg
西尾れむ,仮面の女忍者 ピンキーシャドウ,https://www.dmm.co.jp/digital/videoa/-/detail/=/cid=h_173ghko00017/,https://pics.dmm.co.jp/digital/video/h_173ghko00017/h_173ghko00017ps.jpg
Hitomi（田中瞳）,女忍 Hitomi,https://www.dmm.co.jp/digital/videoa/-/detail/=/cid=mide00271/,https://pics.dmm.co.jp/digital/video/mide00271/mide00271ps.jpg
蓮実クレア,くノ一中出しレ×プ輪● 蓮実クレア,https://www.dmm.co.jp/digital/videoa/-/detail/=/cid=wanz00266/,https://pics.dmm.co.jp/digital/video/wanz00266/wanz00266ps.jpg
水谷あおい,銀河くの一 MOeRDER 徹底マスク破砕 水谷あおい,https://www.dmm.co.jp/digital/videoa/-/detail/=/cid=h_173ghkq00026/,https://pics.dmm.co.jp/digital/video/h_173ghkq00026/h_173ghkq00026ps.jpg
木崎実花,KUNOICHI-忍- 六 音使い響 木崎実花,https://www.dmm.co.jp/digital/videoa/-/detail/=/cid=h_173gomk00074/,https://pics.dmm.co.jp/digital/video/h_173gomk00074/h_173gomk00074ps.jpg
前田彩花,HEROINE排泄拷問 2 前田彩花,https://www.dmm.co.jp/digital/videoa/-/detail/=/cid=h_173thi00002/,https://pics.dmm.co.jp/digital/video/h_173thi00002/h_173thi00002ps.jpg
青木りん,くノ一拷問凌●3 椿姫・極秘輿入ノ章,https://www.dmm.co.jp/digital/videoa/-/detail/=/cid=avgl002/,https://pics.dmm.co.jp/digital/video/avgl00002/avgl00002ps.jpg
高瀬智香,くノ一 復讐の女忍者 裏切りと色仕掛けの抜忍絵巻 高瀬智香,https://www.dmm.co.jp/digital/videoa/-/detail/=/cid=143jmd00005/,https://pics.dmm.co.jp/digital/video/143jmd00005/143jmd00005ps.jpg
波多野結衣,くノ一 中出しレ×プ輪●総集編,https://www.dmm.co.jp/digital/videoa/-/detail/=/cid=bmw00094/,https://pics.dmm.co.jp/digital/video/bmw00094/bmw00094ps.jpg
西園寺れお,ヒロイン不完全変身凌● 西園寺れお,https://www.dmm.co.jp/digital/videoa/-/detail/=/cid=h_173gomk00026/,https://pics.dmm.co.jp/digital/video/h_173gomk00026/h_173gomk00026ps.jpg
水元ゆうな,くノ一拷問凌●5 水元ゆうな あすか伊央,https://www.dmm.co.jp/digital/videoa/-/detail/=/cid=sspd00079/,https://pics.dmm.co.jp/digital/video/sspd00079/sspd00079ps.jpg
川上ゆう（森野雫）,くノ一 女忍者陵● 媚薬と魔羅の快楽地獄 川上ゆう,https://www.dmm.co.jp/digital/videoa/-/detail/=/cid=143jmd00003/,https://pics.dmm.co.jp/digital/video/143jmd00003/143jmd00003ps.jpg
出演者：複数,KUNOICHI-忍- 参 KIRIKAZE,https://www.dmm.co.jp/digital/videoa/-/detail/=/cid=h_173gomk00046/,https://pics.dmm.co.jp/digital/video/h_173gomk00046/h_173gomk00046ps.jpg
春矢つばさ（椎名...,伊賀VS風魔 くノ一戦勇記 2,https://www.dmm.co.jp/digital/videoa/-/detail/=/cid=66sak8468/,https://pics.dmm.co.jp/digital/video/66sak08468/66sak08468ps.jpg
森下美緒,くノ一 裏切りの陵●輪● 幻惑と快楽に捕われた美しき女忍者 森下美緒,https://www.dmm.co.jp/digital/videoa/-/detail/=/cid=143jmd00004/,https://pics.dmm.co.jp/digital/video/143jmd00004/143jmd00004ps.jpg
波多野結衣,KUNOICHI-忍- 壱 歩き巫女 御影 波多野結衣,https://www.dmm.co.jp/digital/videoa/-/detail/=/cid=h_173gomk00033/,https://pics.dmm.co.jp/digital/video/h_173gomk00033/h_173gomk00033ps.jpg
福咲れん,網タイツon白タイツシルエット 忍シスター聖シャドウ 福咲れん,https://www.dmm.co.jp/digital/videoa/-/detail/=/cid=h_173ghko00035/,https://pics.dmm.co.jp/digital/video/h_173ghko00035/h_173ghko00035ps.jpg
篠田あゆみ,篠田あゆみの鬼コキ！！～ドエロなくノ一にドピュドピュ発射させられちゃった僕～,https://www.dmm.co.jp/digital/videoa/-/detail/=/cid=vagu00119/,https://pics.dmm.co.jp/digital/video/vagu00119/vagu00119ps.jpg
姫咲りりあ,くノ一拷問凌●4 掟を超えた友情,https://www.dmm.co.jp/digital/videoa/-/detail/=/cid=sspd060/,https://pics.dmm.co.jp/digital/video/sspd00060/sspd00060ps.jpg
高倉舞,美少女ヒロイン凶悪拷問 快楽人形工房 天獄 Vol.2,https://www.dmm.co.jp/digital/videoa/-/detail/=/cid=h_175dbtg00002/,https://pics.dmm.co.jp/digital/video/h_175dbtg00002/h_175dbtg00002ps.jpg
星あめり,HEROINE陥落倶楽部06 ～女忍者陽炎下僕調教～ 星あめり,https://www.dmm.co.jp/digital/videoa/-/detail/=/cid=h_173mnfc00006/,https://pics.dmm.co.jp/digital/video/h_173mnfc00006/h_173mnfc00006ps.jpg
森下美緒,本格時代劇エロドラマ くノ一 陵●の巻 4人4時間,https://www.dmm.co.jp/digital/videoa/-/detail/=/cid=nash00662/,https://pics.dmm.co.jp/digital/video/nash00662/nash00662ps.jpg
星崎あいか,あいか ～女剣士VSくノー～ 星崎あいか,https://www.dmm.co.jp/digital/videoa/-/detail/=/cid=66dtl028/,https://pics.dmm.co.jp/digital/video/66dtl00028/66dtl00028ps.jpg
桜木優希音,魔忍狩りくノ一 烈火 桜木優希音,https://www.dmm.co.jp/digital/videoa/-/detail/=/cid=h_173ghkp00099/,https://pics.dmm.co.jp/digital/video/h_173ghkp00099/h_173ghkp00099ps.jpg
浅井舞香,くノ一服従の愛の掟 浅井舞香,https://www.dmm.co.jp/digital/videoa/-/detail/=/cid=143gmed00097/,https://pics.dmm.co.jp/digital/video/143gmed00097/143gmed00097ps.jpg
水嶋あい,悪代官に手篭めにされた褌くノ一,https://www.dmm.co.jp/digital/videoa/-/detail/=/cid=h_189lhby00087/,https://pics.dmm.co.jp/digital/video/h_189lhby00087/h_189lhby00087ps.jpg
新堂有望,くノ一姉妹,https://www.dmm.co.jp/digital/videoa/-/detail/=/cid=51vs320/,https://pics.dmm.co.jp/digital/video/51vs00320/51vs00320ps.jpg
小早川怜子,くノ一洗脳の奥義 マラ蜜に犯●れて 小早川怜子,https://www.dmm.co.jp/digital/videoa/-/detail/=/cid=143gmed00086/,https://pics.dmm.co.jp/digital/video/143gmed00086/143gmed00086ps.jpg
風間ゆみ,父の罠に堕ちて くノ一恥辱の奥義 風間ゆみ,https://www.dmm.co.jp/digital/videoa/-/detail/=/cid=143gmed00083/,https://pics.dmm.co.jp/digital/video/143gmed00083/143gmed00083ps.jpg
水嶋あい,JKくノ一封魔忍 結花,https://www.dmm.co.jp/digital/videoa/-/detail/=/cid=h_173tggp00024/,https://pics.dmm.co.jp/digital/video/h_173tggp00024/h_173tggp00024ps.jpg
上原留華,くノ一拷問凌●絵巻,https://www.dmm.co.jp/digital/videoa/-/detail/=/cid=atad043/,https://pics.dmm.co.jp/digital/video/atad00043/atad00043ps.jpg
二宮和香,スク忍斑鳩絶体絶命,https://www.dmm.co.jp/digital/videoa/-/detail/=/cid=h_173ghko00094/,https://pics.dmm.co.jp/digital/video/h_173ghko00094/h_173ghko00094ps.jpg
麻生すず,忍者Vol.9 麻生すず,https://www.dmm.co.jp/digital/videoa/-/detail/=/cid=h_173tni00009/,https://pics.dmm.co.jp/digital/video/h_173tni00009/h_173tni00009ps.jpg
青井マリ,魔性くノ一媚薬の奥義 青井マリ,https://www.dmm.co.jp/digital/videoa/-/detail/=/cid=143jmd00002/,https://pics.dmm.co.jp/digital/video/143jmd00002/143jmd00002ps.jpg
立花里子,三姉妹監禁 くノ一淫魔伝説,https://www.dmm.co.jp/digital/videoa/-/detail/=/cid=66nov8315/,https://pics.dmm.co.jp/digital/video/66damo00023/66damo00023ps.jpg
黒木麻衣（花野真...,平成女忍者 奥義中出し陵● 花野真衣,https://www.dmm.co.jp/digital/videoa/-/detail/=/cid=1hbad00048/,https://pics.dmm.co.jp/digital/video/1hbad00048/1hbad00048ps.jpg
有村千佳,新・元祖スーパーヒロイン 11 忍者大戦争 麗忍アスカ編 有村千佳,https://www.dmm.co.jp/digital/videoa/-/detail/=/cid=h_173tsgs00011/,https://pics.dmm.co.jp/digital/video/h_173tsgs00011/h_173tsgs00011ps.jpg
うさみ恭香,忍者 Vol.3 うさみ恭香,https://www.dmm.co.jp/digital/videoa/-/detail/=/cid=h_173tni00003/,https://pics.dmm.co.jp/digital/video/h_173tni00003/h_173tni00003ps.jpg
加山由衣,姫君監禁 くノ一地獄唄,https://www.dmm.co.jp/digital/videoa/-/detail/=/cid=66cav4056/,https://pics.dmm.co.jp/digital/video/66cav04056/66cav04056ps.jpg
寧々,くノ一凌●絵巻 隠密無残花,https://www.dmm.co.jp/digital/videoa/-/detail/=/cid=sspd058/,https://pics.dmm.co.jp/digital/video/sspd00058/sspd00058ps.jpg
大塚もも,ヒロインピンチ 変幻！獅子姫沙霧 大塚もも,https://www.dmm.co.jp/digital/videoa/-/detail/=/cid=h_173gvrd00010/,https://pics.dmm.co.jp/digital/video/h_173gvrd00010/h_173gvrd00010ps.jpg
原千草,ヒロインイメージファクトリー 07 音使い響 原千草,https://www.dmm.co.jp/digital/videoa/-/detail/=/cid=h_173gimg00007/,https://pics.dmm.co.jp/digital/video/h_173gimg00007/h_173gimg00007ps.jpg
姫川りな,くノ一全勇伝 壱ノ巻,https://www.dmm.co.jp/digital/videoa/-/detail/=/cid=62amd00201/,https://pics.dmm.co.jp/digital/video/62amd00201/62amd00201ps.jpg
平子さおり,くノ一淫乱処刑 feat.菊門党 平子さおり,https://www.dmm.co.jp/digital/videoa/-/detail/=/cid=h_175dkik00001/,https://pics.dmm.co.jp/digital/video/h_175dkik00001/h_175dkik00001ps.jpg
園田いずみ,くノ一拷問 聖忍レイア 園田泉美,https://www.dmm.co.jp/digital/videoa/-/detail/=/cid=h_173jovd00013/,https://pics.dmm.co.jp/digital/video/h_173jovd00013/h_173jovd00013ps.jpg
秋川れな,女忍者凌●拷問 秋川レナ,https://www.dmm.co.jp/digital/videoa/-/detail/=/cid=h_173tggp00028/,https://pics.dmm.co.jp/digital/video/h_173tggp00028/h_173tggp00028ps.jpg
宮崎由麻,超装くノ一烈火 （拷問・接吻・凌●・痴女） 宮崎由麻,https://www.dmm.co.jp/digital/videoa/-/detail/=/cid=h_173gdsc00020/,https://pics.dmm.co.jp/digital/video/h_173gdsc00020/h_173gdsc00020ps.jpg
沢口ケイ,HEROINE緊縛 6 沢口ケイ,https://www.dmm.co.jp/digital/videoa/-/detail/=/cid=h_173shk00006/,https://pics.dmm.co.jp/digital/video/h_173shk00006/h_173shk00006ps.jpg
出演者：複数,拷問,https://www.dmm.co.jp/digital/videoa/-/detail/=/cid=h_759gvz00001/,https://pics.dmm.co.jp/digital/video/h_759gvz00001/h_759gvz00001ps.jpg
愛咲れいら（原千尋）,くノ一拷問凌●2 隠密散華の章,https://www.dmm.co.jp/digital/videoa/-/detail/=/cid=sspd031/,https://pics.dmm.co.jp/digital/video/sspd00031/sspd00031ps.jpg
西山あかり,KUNOICHI 桐風（凌●編、脚フェチ編、接吻編、痴女編）,https://www.dmm.co.jp/digital/videoa/-/detail/=/cid=h_173gdsc00031/,https://pics.dmm.co.jp/digital/video/h_173gdsc00031/h_173gdsc00031ps.jpg
小司あん,KUNOICHI-忍- 七 忍変化 焔 小司あん,https://www.dmm.co.jp/digital/videoa/-/detail/=/cid=h_173gvrd00007/,https://pics.dmm.co.jp/digital/video/h_173gvrd00007/h_173gvrd00007ps.jpg
かすみりさ,くノ一中出しレ×プ輪● かすみりさ,https://www.dmm.co.jp/digital/videoa/-/detail/=/cid=3wanz00241/,https://pics.dmm.co.jp/digital/video/3wanz00241/3wanz00241ps.jpg
平石一美,EIGHT 平石一美,https://www.dmm.co.jp/digital/videoa/-/detail/=/cid=303eight006d/,https://pics.dmm.co.jp/digital/video/303eight00006d/303eight00006dps.jpg
円城ひとみ,くノ一 色忍びに堕ちた妾 円城ひとみ,https://www.dmm.co.jp/digital/videoa/-/detail/=/cid=143jmd00001/,https://pics.dmm.co.jp/digital/video/143jmd00001/143jmd00001ps.jpg
司ミコト,くノ一中出しレ×プ輪● 司ミコト,https://www.dmm.co.jp/digital/videoa/-/detail/=/cid=3wanz00230/,https://pics.dmm.co.jp/digital/video/3wanz00230/3wanz00230ps.jpg
露木陽子,くの一狩り 露木陽子,https://www.dmm.co.jp/digital/videoa/-/detail/=/cid=51cs121/,https://pics.dmm.co.jp/digital/video/51cs00121/51cs00121ps.jpg
安原真美,女剣士かずみ,https://www.dmm.co.jp/digital/videoa/-/detail/=/cid=h_259vnds01044/,https://pics.dmm.co.jp/digital/video/h_259vnds01044/h_259vnds01044ps.jpg
姫川りな,必殺！くノ一仕置忍法帖,https://www.dmm.co.jp/digital/videoa/-/detail/=/cid=66sak8493/,https://pics.dmm.co.jp/digital/video/66sak08493/66sak08493ps.jpg
ゆうきりり,淫術 くノ一忍法帖,https://www.dmm.co.jp/digital/videoa/-/detail/=/cid=66nov05195/,https://pics.dmm.co.jp/digital/video/66nov05195/66nov05195ps.jpg
鈴木麻奈美,忍道凌●淫戯 鈴木麻奈美,https://www.dmm.co.jp/digital/videoa/-/detail/=/cid=atid00181/,https://pics.dmm.co.jp/digital/video/atid00181/atid00181ps.jpg
艶堂しほり（遠藤...,最強アマゾネス麗奴伝説 勇敢に戦う女たちの惨劇,https://www.dmm.co.jp/digital/videoa/-/detail/=/cid=51cmn00133/,https://pics.dmm.co.jp/digital/video/51cmn00133/51cmn00133ps.jpg
亜紗美,女忍ねずみ小僧討魔伝 ～女帝淀君の陰謀～,https://www.dmm.co.jp/digital/videoa/-/detail/=/cid=66sak08516/,https://pics.dmm.co.jp/digital/video/66sak08516/66sak08516ps.jpg
川上ゆう（森野雫）,くノ一肉伝の禁断秘奥義 川上ゆう,https://www.dmm.co.jp/digital/videoa/-/detail/=/cid=143gmed00088/,https://pics.dmm.co.jp/digital/video/143gmed00088/143gmed00088ps.jpg
早咲まみ,おしゃぶり忍法帖 早咲まみ,https://www.dmm.co.jp/digital/videoa/-/detail/=/cid=miad096/,https://pics.dmm.co.jp/digital/video/miad00096/miad00096ps.jpg
夕樹舞子,大江戸情緒女絵巻 和装百態嬲縛痴獄,https://www.dmm.co.jp/digital/videoa/-/detail/=/cid=51cmk00032/,https://pics.dmm.co.jp/digital/video/51cmk00032/51cmk00032ps.jpg
寧々,忍-SHINOBI- 2,https://www.dmm.co.jp/digital/videoa/-/detail/=/cid=atkd00150/,https://pics.dmm.co.jp/digital/video/atkd00150/atkd00150ps.jpg
上原留華,幕末月華伝 くノ一拷問凌●,https://www.dmm.co.jp/digital/videoa/-/detail/=/cid=ssp020/,https://pics.dmm.co.jp/digital/video/ssp00020/ssp00020ps.jpg
小澤マリア,くノ一凌●忍法帳 碧眼のマリア 狂い堕ちた修羅姫 小澤マリア,https://www.dmm.co.jp/digital/videoa/-/detail/=/cid=rbd104/,https://pics.dmm.co.jp/digital/video/rbd00104/rbd00104ps.jpg
小川あさ美,くノ一凌●伝 ―影に生きるものの運命― 小川あさ美 糸矢めい,https://www.dmm.co.jp/digital/videoa/-/detail/=/cid=atid00169/,https://pics.dmm.co.jp/digital/video/atid00169/atid00169ps.jpg
翔田千里,刺青女くノ一 翔田千里,https://www.dmm.co.jp/digital/videoa/-/detail/=/cid=143gmed00096/,https://pics.dmm.co.jp/digital/video/143gmed00096/143gmed00096ps.jpg
倉本優,忍びの女2 サスケ,https://www.dmm.co.jp/digital/videoa/-/detail/=/cid=48rdv035/,https://pics.dmm.co.jp/digital/video/48lhd00023/48lhd00023ps.jpg
水嶋マリア,くノ一戦国美勇伝,https://www.dmm.co.jp/digital/videoa/-/detail/=/cid=66nov5286/,https://pics.dmm.co.jp/digital/video/66nov05286/66nov05286ps.jpg
小泉ゆうか,ペニバン忍法帖 小泉ゆうか,https://www.dmm.co.jp/digital/videoa/-/detail/=/cid=miad153/,https://pics.dmm.co.jp/digital/video/miad00153/miad00153ps.jpg
山本瞳子,淫忍術VS唐人剣 くノ一妖魔外伝,https://www.dmm.co.jp/digital/videoa/-/detail/=/cid=66nov8336/,https://pics.dmm.co.jp/digital/video/66nov08336/66nov08336ps.jpg
Rico,くノ一三姉妹 被虐の抜け忍,https://www.dmm.co.jp/digital/videoa/-/detail/=/cid=55id15011/,https://pics.dmm.co.jp/digital/video/5515id00011/5515id00011ps.jpg
井上さつき,黒い修行 貳の巻,https://www.dmm.co.jp/digital/videoa/-/detail/=/cid=178sk00102/,https://pics.dmm.co.jp/digital/video/178sk00102/178sk00102ps.jpg
桜井あゆ,桜井あゆ BEST COLLECTION 4時間,https://www.dmm.co.jp/digital/videoa/-/detail/=/cid=3bmw00062/,https://pics.dmm.co.jp/digital/video/3bmw00062/3bmw00062ps.jpg
上原留華,忍-SHINOBI-,https://www.dmm.co.jp/digital/videoa/-/detail/=/cid=atkd090/,https://pics.dmm.co.jp/digital/video/atkd00090/atkd00090ps.jpg
ゆうきりり,COMPLETE OF ゆうきりり,https://www.dmm.co.jp/digital/videoa/-/detail/=/cid=66nov8341/,https://pics.dmm.co.jp/digital/video/66nov08341/66nov08341ps.jpg
岡野美憂,龍縛監禁凌●8 くノ一拷問絵図 長谷川瞳 岡野美憂,https://www.dmm.co.jp/digital/videoa/-/detail/=/cid=rb033/,https://pics.dmm.co.jp/digital/video/rb00033/rb00033ps.jpg
香椎杏子,時空女忍者 ～紅陵●絵巻～ 香椎杏子,https://www.dmm.co.jp/digital/videoa/-/detail/=/cid=1hbad061/,https://pics.dmm.co.jp/digital/video/1hbad00061/1hbad00061ps.jpg
出演者：複数,エロ試練に耐えろ！くノ一しずか修行中,https://www.dmm.co.jp/digital/videoa/-/detail/=/cid=5561orst00212/,https://pics.dmm.co.jp/digital/video/5561orst00212/5561orst00212ps.jpg
出演者：複数,KASAKURA The BEST of 2007上半期,https://www.dmm.co.jp/digital/videoa/-/detail/=/cid=66sak8469/,https://pics.dmm.co.jp/digital/video/66sak08469/66sak08469ps.jpg
出演者：複数,秘術！電動振動棒の術に墜ちるくノ一しずか,https://www.dmm.co.jp/digital/videoa/-/detail/=/cid=5561orst00213/,https://pics.dmm.co.jp/digital/video/5561orst00213/5561orst00213ps.jpg
ほしのみゆ,KASAKURA The BEST of 2007下半期,https://www.dmm.co.jp/digital/videoa/-/detail/=/cid=66sak8503/,https://pics.dmm.co.jp/digital/video/66sak08503/66sak08503ps.jpg
出演者：複数,ひかり 2,https://www.dmm.co.jp/digital/videoa/-/detail/=/cid=5561orst00173/,https://pics.dmm.co.jp/digital/video/5561orst00173/5561orst00173ps.jpg
一ノ瀬さやか,忍者 Vol.4 一ノ瀬さやか,https://www.dmm.co.jp/digital/videoa/-/detail/=/cid=h_173tni00004/,https://pics.dmm.co.jp/digital/video/h_173tni00004/h_173tni00004ps.jpg
