ゑびすさん/妄想族,バーチャルべろチュウ,https://www.dmm.co.jp/digital/videoa/-/detail/=/cid=evis00155/,https://pics.dmm.co.jp/digital/video/evis00155/evis00155ps.jpg
ケイ・エム・プロ...,発育途上のパイパン美少女に濃厚中出し40人,https://www.dmm.co.jp/digital/videoa/-/detail/=/cid=84umso00275/,https://pics.dmm.co.jp/digital/video/84umso00275/84umso00275ps.jpg
アロマ企画,パイパン角オナニー,https://www.dmm.co.jp/digital/videoa/-/detail/=/cid=11arm00362/,https://pics.dmm.co.jp/digital/video/11arm00362/11arm00362ps.jpg
SEX Agent/妄想族,手を使わないフェラチオ4時間 第二弾,https://www.dmm.co.jp/digital/videoa/-/detail/=/cid=h_213ageom00012/,https://pics.dmm.co.jp/digital/video/h_213ageom00012/h_213ageom00012ps.jpg
SEX Agent/妄想族,綿パン尻コキ女子校生 02,https://www.dmm.co.jp/digital/videoa/-/detail/=/cid=436agemix00147/,https://pics.dmm.co.jp/digital/video/436agemix00147/436agemix00147ps.jpg
SEX Agent/妄想族,正座フェラ ～連続口内発射の正しい作法～,https://www.dmm.co.jp/digital/videoa/-/detail/=/cid=436agemix00134/,https://pics.dmm.co.jp/digital/video/436agemix00134/436agemix00134ps.jpg
AVS collector’s,ウルトラM性感研究所クラブ・ザ・サッキュバス 淫乱女スパイ全身性感尋問地獄 パニック！巨大なクリと敏感膣肛門,https://www.dmm.co.jp/digital/videoa/-/detail/=/cid=vecr00010/,https://pics.dmm.co.jp/digital/video/vecr00010/vecr00010ps.jpg
イノセント/妄想族,人形あそび総集編11人 夢の中で僕にご奉仕してくれる彼女たち,https://www.dmm.co.jp/digital/videoa/-/detail/=/cid=inct00022/,https://pics.dmm.co.jp/digital/video/inct00022/inct00022ps.jpg
AVS collector’s,ウルトラM性感研究所総集編 Vol.2 究極射精管理！クラブ・ザ・サッキュバス,https://www.dmm.co.jp/digital/videoa/-/detail/=/cid=vecr00016/,https://pics.dmm.co.jp/digital/video/vecr00016/vecr00016ps.jpg
なでしこ,幼妻の子作り中出し性生活6人,https://www.dmm.co.jp/digital/videoa/-/detail/=/cid=h_067nash00161/,https://pics.dmm.co.jp/digital/video/h_067nash00161/h_067nash00161ps.jpg
ゑびすさん/妄想族,過敏なアナル べろ突っこみ肛門舐めレズビアン,https://www.dmm.co.jp/digital/videoa/-/detail/=/cid=evis00160/,https://pics.dmm.co.jp/digital/video/evis00160/evis00160ps.jpg
イノセント/妄想族,パイパン美少女中出し18人,https://www.dmm.co.jp/digital/videoa/-/detail/=/cid=inct00026/,https://pics.dmm.co.jp/digital/video/inct00026/inct00026ps.jpg
SEX Agent/妄想族,スク水萌え脚コキ,https://www.dmm.co.jp/digital/videoa/-/detail/=/cid=436agemix00132/,https://pics.dmm.co.jp/digital/video/436agemix00132/436agemix00132ps.jpg
ゑびすさん/妄想族,敏感な勃起乳首を舐めるレズ9,https://www.dmm.co.jp/digital/videoa/-/detail/=/cid=evis00133/,https://pics.dmm.co.jp/digital/video/evis00133/evis00133ps.jpg
アロマ企画,直下型＆M字パンチラ挑発 ベストセレクション,https://www.dmm.co.jp/digital/videoa/-/detail/=/cid=parm00092/,https://pics.dmm.co.jp/digital/video/parm00092/parm00092ps.jpg
ゑびすさん/妄想族,3日以上はき込んだ染み付き汚れパンツをまん汁で更に汚す女子校生のオナニー2,https://www.dmm.co.jp/digital/videoa/-/detail/=/cid=evis00042/,https://pics.dmm.co.jp/digital/video/evis00042/evis00042ps.jpg
イノセント/妄想族,人形あそび 初芽里奈,https://www.dmm.co.jp/digital/videoa/-/detail/=/cid=inct00009/,https://pics.dmm.co.jp/digital/video/inct00009/inct00009ps.jpg
アロマ企画,直下型＆M字パンチラ挑発 スポーツ女子校生編,https://www.dmm.co.jp/digital/videoa/-/detail/=/cid=11parm00047/,https://pics.dmm.co.jp/digital/video/11parm00047/11parm00047ps.jpg
キチックス/妄想族,ミクロ はつめちゃん 147cm,https://www.dmm.co.jp/digital/videoa/-/detail/=/cid=ktkx00032/,https://pics.dmm.co.jp/digital/video/ktkx00032/ktkx00032ps.jpg
エンペラー/妄想族,生中出し痴●便所4時間 仕事終わりのアフタートイレ痴●濃厚生中出し陵●アクメ！,https://www.dmm.co.jp/digital/videoa/-/detail/=/cid=emrd00044/,https://pics.dmm.co.jp/digital/video/emrd00044/emrd00044ps.jpg
エンペラー/妄想族,私が満足するまでイッたらダメよ？焦らし好きのオナニー美少女が挑発的な見せつけ遊戯で貴方だけに語りかけるオナニー専用のオナニーDVD,https://www.dmm.co.jp/digital/videoa/-/detail/=/cid=emrd00041/,https://pics.dmm.co.jp/digital/video/emrd00041/emrd00041ps.jpg
エンペラー/妄想族,美白美巨乳少女のものすごいオナニー！オナニーをする為の専用DVD！！,https://www.dmm.co.jp/digital/videoa/-/detail/=/cid=emrd00038/,https://pics.dmm.co.jp/digital/video/emrd00038/emrd00038ps.jpg
ミニマム,205X年、性教育。 光クラブ×ミニマム,https://www.dmm.co.jp/digital/videoa/-/detail/=/cid=mum00102/,https://pics.dmm.co.jp/digital/video/mum00102/mum00102ps.jpg
ミニマム,○齢○○の小さな女の子たち。疑似無し本物中出しベスト。,https://www.dmm.co.jp/digital/videoa/-/detail/=/cid=mmt00037/,https://pics.dmm.co.jp/digital/video/mmt00037/mmt00037ps.jpg
ディープス,ウブな教え子をち○ぽ汁（ザーメン）まみれにするデカチン巨乳ふたなり体育教師 ある日突然生えてきたふたなり巨根の疼きに耐えられず、何度射精しても萎えない絶倫ち○ぽと大量おち○ぽミルクで教え子の女子校生を●すち○ぽメスになってしまった美人先生,https://www.dmm.co.jp/digital/videoa/-/detail/=/cid=1dvdes00739/,https://pics.dmm.co.jp/digital/video/1dvdes00739/1dvdes00739ps.jpg
TMA,ツルペタロリ系美少女アイドル18歳大全集BOX 16時間,https://www.dmm.co.jp/digital/videoa/-/detail/=/cid=55t2800522/,https://pics.dmm.co.jp/digital/video/55t2800522/55t2800522ps.jpg
シネマジック,電気拷問収容所,https://www.dmm.co.jp/digital/videoa/-/detail/=/cid=cmv00104/,https://pics.dmm.co.jp/digital/video/cmv00104/cmv00104ps.jpg
レズれ！,美女レズビアン乱交 性豪ビアンのイカセ合い同時多発絶頂に圧倒される厳選ベスト5時間,https://www.dmm.co.jp/digital/videoa/-/detail/=/cid=lzbs00079/,https://pics.dmm.co.jp/digital/video/lzbs00079/lzbs00079ps.jpg
ROOKIE,高画質 徹底的に犯し尽くす輪●16時間,https://www.dmm.co.jp/digital/videoa/-/detail/=/cid=rki00293/,https://pics.dmm.co.jp/digital/video/rki00293/rki00293ps.jpg
ケイ・エム・プロ...,新婚の幼妻が裸エプロンであなたをお出迎え！,https://www.dmm.co.jp/digital/videoa/-/detail/=/cid=umso00459/,https://pics.dmm.co.jp/digital/video/umso00459/umso00459ps.jpg
レズれ！,レズれ！祝5周年記念 オンナが女を追い詰める残酷な絶頂処刑 秘唇グチョグチョ狂乱映像10時間！！ ポルチオレズ拷問ULTRA BEST,https://www.dmm.co.jp/digital/videoa/-/detail/=/cid=lzbs00037/,https://pics.dmm.co.jp/digital/video/lzbs00037/lzbs00037ps.jpg
シネマジック,機械姦暴行,https://www.dmm.co.jp/digital/videoa/-/detail/=/cid=cmv00099/,https://pics.dmm.co.jp/digital/video/cmv00099/cmv00099ps.jpg
ROCKET,ろりえすて～ワレメ拡張デカチンマッサージ～,https://www.dmm.co.jp/digital/videoa/-/detail/=/cid=1rct00650/,https://pics.dmm.co.jp/digital/video/1rct00650/1rct00650ps.jpg
ROOKIE,溜め込んだ精子を子宮にぶちまける！高画質 ドックドク中出し100連発16時間,https://www.dmm.co.jp/digital/videoa/-/detail/=/cid=rbb00036/,https://pics.dmm.co.jp/digital/video/rbb00036/rbb00036ps.jpg
ミニマム,「もっとお口をあけてごらん」喉の奥まで嬉しそうに咥える女の子たちのフェラチオ。,https://www.dmm.co.jp/digital/videoa/-/detail/=/cid=mmt00050/,https://pics.dmm.co.jp/digital/video/mmt00050/mmt00050ps.jpg
ミニマム,4周年記念。2011年から2015年まで。「お問い合わせ」が多かった女の子ベスト。,https://www.dmm.co.jp/digital/videoa/-/detail/=/cid=mmt00039/,https://pics.dmm.co.jp/digital/video/mmt00039/mmt00039ps.jpg
TMA,オークに孕むまで輪●種付け中出しレ●プされる美少女たちBEST 7時間,https://www.dmm.co.jp/digital/videoa/-/detail/=/cid=5526id00010/,https://pics.dmm.co.jp/digital/video/5526id00010/5526id00010ps.jpg
レズれ！,業界最強！ 美しきレズビアンたちのSM・ハード調教プレイ激選ベスト5時間 イキ狂い愛し合う理性吹き飛ぶ濃厚SEX全部見せます！,https://www.dmm.co.jp/digital/videoa/-/detail/=/cid=lzbs00063/,https://pics.dmm.co.jp/digital/video/lzbs00063/lzbs00063ps.jpg
セレブの友,全部まるごとドスケベオナニーイッキ見SPECIAL 22時間42分,https://www.dmm.co.jp/digital/videoa/-/detail/=/cid=cesd00989/,https://pics.dmm.co.jp/digital/video/cesd00989/cesd00989ps.jpg
V＆R PRODUCE,元祖 時間よ止まれ！～いつでもどこでもハレンチ天国～,https://www.dmm.co.jp/digital/videoa/-/detail/=/cid=h_910avop00211/,https://pics.dmm.co.jp/digital/video/h_910avop00211/h_910avop00211ps.jpg
OFFICE K’S,制服娘の柔肌美脚が好き,https://www.dmm.co.jp/digital/videoa/-/detail/=/cid=36dksb00110/,https://pics.dmm.co.jp/digital/video/36dksb00110/36dksb00110ps.jpg
TMA,オークに孕むまで輪●種付け中出しレ●プされる美少女たち,https://www.dmm.co.jp/digital/videoa/-/detail/=/cid=5524id00017/,https://pics.dmm.co.jp/digital/video/5524id00017/5524id00017ps.jpg
レズれ！,業界最高クラス美女のアナル丸見えシリビアン！ 肉厚プリ尻レズ 厳選ベスト5時間 22組42人の極上エロ尻レズSEX！！,https://www.dmm.co.jp/digital/videoa/-/detail/=/cid=lzbs00070/,https://pics.dmm.co.jp/digital/video/lzbs00070/lzbs00070ps.jpg
レズれ！,レズれ！7周年記念スペシャル 最高の凄テクレズビアン60組10時間BEST 業界最高峰！絶対に抜ける女神プレイ,https://www.dmm.co.jp/digital/videoa/-/detail/=/cid=lzbs00061/,https://pics.dmm.co.jp/digital/video/lzbs00061/lzbs00061ps.jpg
プラネットプラス,家族からお風呂でいたずらされた少女18人,https://www.dmm.co.jp/digital/videoa/-/detail/=/cid=h_237ambs00068/,https://pics.dmm.co.jp/digital/video/h_237ambs00068/h_237ambs00068ps.jpg
レズれ！,レズれ！潮吹きレズセックス厳選ベスト5時間 オンナ同士の絶頂・大量スプラッシュお見せします！,https://www.dmm.co.jp/digital/videoa/-/detail/=/cid=lzbs00039/,https://pics.dmm.co.jp/digital/video/lzbs00039/lzbs00039ps.jpg
ディープス,レ●プが合法になった世界 4 ～公衆の面前でチ○ポ挿れっぱなし！犯りたいと思った瞬間に即ハメ！白昼堂々強●子作り！！～,https://www.dmm.co.jp/digital/videoa/-/detail/=/cid=1dvdms00002/,https://pics.dmm.co.jp/digital/video/1dvdms00002/1dvdms00002ps.jpg
OFFICE K’S,女子○生のハーレムフェラ ベストコレクション 38名 5時間,https://www.dmm.co.jp/digital/videoa/-/detail/=/cid=36dksb00084/,https://pics.dmm.co.jp/digital/video/36dksb00084/36dksb00084ps.jpg
ケー・トライブ,奇跡のロリ体型美少女 初芽里奈 永久完全保存版 4時間,https://www.dmm.co.jp/digital/videoa/-/detail/=/cid=h_094ktds00772/,https://pics.dmm.co.jp/digital/video/h_094ktds00772/h_094ktds00772ps.jpg
レズれ！,レズれ！潮吹きレズセックス厳選ベスト5時間 2 絶頂マ●コから吹き出るビシャビシャ大量撒き潮お見せします！,https://www.dmm.co.jp/digital/videoa/-/detail/=/cid=lzbs00054/,https://pics.dmm.co.jp/digital/video/lzbs00054/lzbs00054ps.jpg
V＆R PRODUCE,元祖 時間よ止まれ！パート2,https://www.dmm.co.jp/digital/videoa/-/detail/=/cid=h_910avop00327/,https://pics.dmm.co.jp/digital/video/h_910avop00327/h_910avop00327ps.jpg
ディープス,長女・次女・三女・四女・母との家族内王様ゲーム さえない長男がチ〇ポ一本で朝から晩まで5人全員のマ〇コを独り占め！家族が生まれ育った我が家でやりたい放題の連続中出し！近親相姦大乱交！！,https://www.dmm.co.jp/digital/videoa/-/detail/=/cid=1dvdes00843/,https://pics.dmm.co.jp/digital/video/1dvdes00843/1dvdes00843ps.jpg
kawaii,びちゃびちゃWパイパン潮吹き！ 中野ありさ 初芽里奈,https://www.dmm.co.jp/digital/videoa/-/detail/=/cid=kawd00451/,https://pics.dmm.co.jp/digital/video/kawd00451/kawd00451ps.jpg
ムーディーズ,鬼畜ロリ凌●BEST 発育中の未成熟なカラダを●す！,https://www.dmm.co.jp/digital/videoa/-/detail/=/cid=mibd00973/,https://pics.dmm.co.jp/digital/video/mibd00973/mibd00973ps.jpg
プラネットプラス,まるっと！初芽里奈 2,https://www.dmm.co.jp/digital/videoa/-/detail/=/cid=h_237ambs00038/,https://pics.dmm.co.jp/digital/video/h_237ambs00038/h_237ambs00038ps.jpg
プラネットプラス,まるっと！初芽里奈,https://www.dmm.co.jp/digital/videoa/-/detail/=/cid=h_237ambs00020/,https://pics.dmm.co.jp/digital/video/h_237ambs00020/h_237ambs00020ps.jpg
OFFICE K’S,JKおまんこおっぴろげオナニー 2,https://www.dmm.co.jp/digital/videoa/-/detail/=/cid=36jks00052/,https://pics.dmm.co.jp/digital/video/36jks00052/36jks00052ps.jpg
レズれ！,レズれ！祝6周年記念 拘束セックスでガチ悶えイキする女たち ベスト10時間,https://www.dmm.co.jp/digital/videoa/-/detail/=/cid=lzbs00048/,https://pics.dmm.co.jp/digital/video/lzbs00048/lzbs00048ps.jpg
ワープエンタテイ...,美少女と接吻と、おじさん。,https://www.dmm.co.jp/digital/videoa/-/detail/=/cid=2wsp00164/,https://pics.dmm.co.jp/digital/video/2wsp00164/2wsp00164ps.jpg
ROOKIE,高画質生中出し100連発16時間,https://www.dmm.co.jp/digital/videoa/-/detail/=/cid=rki00275/,https://pics.dmm.co.jp/digital/video/rki00275/rki00275ps.jpg
パラダイステレビ,お父さん達に捧ぐ！生ストリップショー最前線（2）完全版,https://www.dmm.co.jp/digital/videoa/-/detail/=/cid=parathd02094/,https://pics.dmm.co.jp/digital/video/parathd02094/parathd02094ps.jpg
プラネットプラス,ちっぱい少女に強●中出しセックス12人 2,https://www.dmm.co.jp/digital/videoa/-/detail/=/cid=h_237ambs00031/,https://pics.dmm.co.jp/digital/video/h_237ambs00031/h_237ambs00031ps.jpg
ROCKET,マスターベーションインストラクション 3-Schoolgirl JOI- あなたに語りかける淫語と焦らしストリップでオナ指示 美少女JKスペシャル,https://www.dmm.co.jp/digital/videoa/-/detail/=/cid=1rct00653/,https://pics.dmm.co.jp/digital/video/1rct00653/1rct00653ps.jpg
TMA,異世界ファンタジー美少女と種付け性交映像 PREMIUM BEST 8時間,https://www.dmm.co.jp/digital/videoa/-/detail/=/cid=5527id00001/,https://pics.dmm.co.jp/digital/video/5527id00001/5527id00001ps.jpg
TMA,貧乳美少女コスプレ PREMIUM BEST 8時間,https://www.dmm.co.jp/digital/videoa/-/detail/=/cid=5526id00046/,https://pics.dmm.co.jp/digital/video/5526id00046/5526id00046ps.jpg
ミニマム,いたずら後の強●フェラチオ。小さい女の子12人のお口へ。濃厚名場面集2。,https://www.dmm.co.jp/digital/videoa/-/detail/=/cid=mmt00007/,https://pics.dmm.co.jp/digital/video/mmt00007/mmt00007ps.jpg
レズれ！,レズれ！ペニバンセックス 厳選ベスト5時間 より激しい愛を求めたオンナ達がたどりついた容赦ないピストンをお見せします！,https://www.dmm.co.jp/digital/videoa/-/detail/=/cid=lzbs00035/,https://pics.dmm.co.jp/digital/video/lzbs00035/lzbs00035ps.jpg
ケー・トライブ,父親に犯○れた無垢な娘たち… 460分4枚組BOX,https://www.dmm.co.jp/digital/videoa/-/detail/=/cid=h_094ktra00316/,https://pics.dmm.co.jp/digital/video/h_094ktra00316/h_094ktra00316ps.jpg
BabyEntertainment,SJA 神聖 悲劇！！ 純情破壊禁断姦獄 初芽里奈,https://www.dmm.co.jp/digital/videoa/-/detail/=/cid=h_175ddev00001/,https://pics.dmm.co.jp/digital/video/h_175ddev00001/h_175ddev00001ps.jpg
レズれ！,レズれ！ 快楽堕ち必至のオイルマッサージ・セックス 厳選ベスト5時間 淫乱エステで女がハマるワレメサービスお見せします！,https://www.dmm.co.jp/digital/videoa/-/detail/=/cid=lzbs00046/,https://pics.dmm.co.jp/digital/video/lzbs00046/lzbs00046ps.jpg
レズれ！,レズキス 密着ベロベロ接吻 厳選5時間 オンナ同士の美唇と絡みつく舌と唾液をじっくりお見せします！,https://www.dmm.co.jp/digital/videoa/-/detail/=/cid=lzbs00055/,https://pics.dmm.co.jp/digital/video/lzbs00055/lzbs00055ps.jpg
レズれ！,レズれ！イッても終わらない…絶頂直後も続くイカセ責め厳選ベスト5時間 オンナ×オンナの連続オーガズムお見せします！,https://www.dmm.co.jp/digital/videoa/-/detail/=/cid=lzbs00044/,https://pics.dmm.co.jp/digital/video/lzbs00044/lzbs00044ps.jpg
ミニマム,お日さまのいたずら。小さい子たちの日焼けあと。8時間スペシャル。,https://www.dmm.co.jp/digital/videoa/-/detail/=/cid=mmt00020/,https://pics.dmm.co.jp/digital/video/mmt00020/mmt00020ps.jpg
ミニマム,あの日の思い出 身長の小さな女の子 コレクション発表会 シーズン4 （下半期ベスト）,https://www.dmm.co.jp/digital/videoa/-/detail/=/cid=mmt00042/,https://pics.dmm.co.jp/digital/video/mmt00042/mmt00042ps.jpg
セレブの友,発情人妻オマ○コ種付け生中出しSEX24時間25分,https://www.dmm.co.jp/digital/videoa/-/detail/=/cid=cesd00817/,https://pics.dmm.co.jp/digital/video/cesd00817/cesd00817ps.jpg
ケー・トライブ,密室バスルーム淫行 37人収録 13時間4枚組BOX,https://www.dmm.co.jp/digital/videoa/-/detail/=/cid=h_094ktra00342/,https://pics.dmm.co.jp/digital/video/h_094ktra00342/h_094ktra00342ps.jpg
シネマジック,DID 誘拐・監禁・着衣緊縛・猿轡 拘束され絶望するヒロインたち2,https://www.dmm.co.jp/digital/videoa/-/detail/=/cid=cmv00098/,https://pics.dmm.co.jp/digital/video/cmv00098/cmv00098ps.jpg
ムーディーズ,娘の目の前で堂々とSEXしちゃうママ たかせ由奈,https://www.dmm.co.jp/digital/videoa/-/detail/=/cid=miad00958/,https://pics.dmm.co.jp/digital/video/miad00958/miad00958ps.jpg
ドリームチケット,接吻のち、孕ませ。 初芽里奈,https://www.dmm.co.jp/digital/videoa/-/detail/=/cid=24kpd00009/,https://pics.dmm.co.jp/digital/video/24kpd00009/24kpd00009ps.jpg
レズれ！,レズれ！ペニバンセックス 厳選ベスト5時間2 さらに愛が激化したオンナたちの猛烈ピストン膣奥イキ！お見せします！,https://www.dmm.co.jp/digital/videoa/-/detail/=/cid=lzbs00043/,https://pics.dmm.co.jp/digital/video/lzbs00043/lzbs00043ps.jpg
ケイ・エム・プロ...,清純で可愛らしい18才美少女のつたない騎乗位50人,https://www.dmm.co.jp/digital/videoa/-/detail/=/cid=84umso00205/,https://pics.dmm.co.jp/digital/video/84umso00205/84umso00205ps.jpg
プラネットプラス,「あなる凌●診察」初芽里奈,https://www.dmm.co.jp/digital/videoa/-/detail/=/cid=h_237nisr00001/,https://pics.dmm.co.jp/digital/video/h_237nisr00001/h_237nisr00001ps.jpg
ROOKIE,複数の男たちで顔もカラダも精子で汚しまくる！ぶっかけ輪●BEST 16時間,https://www.dmm.co.jp/digital/videoa/-/detail/=/cid=rki00381/,https://pics.dmm.co.jp/digital/video/rki00381/rki00381ps.jpg
プラネットプラス,喉奥まで咥えさせ唾液でグッチョグチョ 美少女イラマチオ24人,https://www.dmm.co.jp/digital/videoa/-/detail/=/cid=h_237ambs00049/,https://pics.dmm.co.jp/digital/video/h_237ambs00049/h_237ambs00049ps.jpg
レズれ！,クリやマ○コを擦るだけじゃイキ足りないオンナたち 羞恥、拘束、淫語のSMヘンタイ凌●性交にハマるレズビアン 厳選ベスト5時間,https://www.dmm.co.jp/digital/videoa/-/detail/=/cid=lzbs00077/,https://pics.dmm.co.jp/digital/video/lzbs00077/lzbs00077ps.jpg
ムーディーズ,ドラマシーンも収録で臨場感たっぷり！！その女がレ●プされた理由…,https://www.dmm.co.jp/digital/videoa/-/detail/=/cid=mibd00740/,https://pics.dmm.co.jp/digital/video/mibd00740/mibd00740ps.jpg
プラネットプラス,まるっと！初芽里奈 3,https://www.dmm.co.jp/digital/videoa/-/detail/=/cid=h_237zmar00011/,https://pics.dmm.co.jp/digital/video/h_237zmar00011/h_237zmar00011ps.jpg
中嶋興業,公然体罰2 初芽里奈,https://www.dmm.co.jp/digital/videoa/-/detail/=/cid=nkd00105/,https://pics.dmm.co.jp/digital/video/nkd00105/nkd00105ps.jpg
ROOKIE,高画質 悶え苦しむ拘束 16時間,https://www.dmm.co.jp/digital/videoa/-/detail/=/cid=rki00295/,https://pics.dmm.co.jp/digital/video/rki00295/rki00295ps.jpg
ケー・トライブ,変態パパと無垢な娘の性遊戯 4人収録 460分 4枚組BOX,https://www.dmm.co.jp/digital/videoa/-/detail/=/cid=h_094ktra00361/,https://pics.dmm.co.jp/digital/video/h_094ktra00361/h_094ktra00361ps.jpg
ROOKIE,乳首は人一倍敏感！「微乳・貧乳・無乳」厳選小乳BEST！16時間 38人！,https://www.dmm.co.jp/digital/videoa/-/detail/=/cid=rki00281/,https://pics.dmm.co.jp/digital/video/rki00281/rki00281ps.jpg
SODクリエイト,身長145cm未満のミニミニちびっ娘3人組！営業中の男湯に潜り込んでパパには内緒のイタズラごっこ,https://www.dmm.co.jp/digital/videoa/-/detail/=/cid=1sdmt00464/,https://pics.dmm.co.jp/digital/video/1sdmt00464/1sdmt00464ps.jpg
ムーディーズ,集団輪●！！ 連続中出し BEST vol.2,https://www.dmm.co.jp/digital/videoa/-/detail/=/cid=mibd00790/,https://pics.dmm.co.jp/digital/video/mibd00790/mibd00790ps.jpg
ROOKIE,凌●と鬼畜の凶気姦獄 16時間,https://www.dmm.co.jp/digital/videoa/-/detail/=/cid=rki00371/,https://pics.dmm.co.jp/digital/video/rki00371/rki00371ps.jpg
レズれ！,ノーモザイク・レズれ！食い込み大増量乱交ver.,https://www.dmm.co.jp/digital/videoa/-/detail/=/cid=lzwm00022/,https://pics.dmm.co.jp/digital/video/lzwm00022/lzwm00022ps.jpg
GIGA,高飛車お嬢様ヒロイン汚男餓鬼地獄 聖女戦士シェラザード 初芽里奈,https://www.dmm.co.jp/digital/videoa/-/detail/=/cid=h_173ghko00021/,https://pics.dmm.co.jp/digital/video/h_173ghko00021/h_173ghko00021ps.jpg
ROOKIE,凌●は中出しするまで終わらない16時間,https://www.dmm.co.jp/digital/videoa/-/detail/=/cid=rbb00011/,https://pics.dmm.co.jp/digital/video/rbb00011/rbb00011ps.jpg
ムーディーズ,中出し射精直前の生だからより気持ちのいいピストン,https://www.dmm.co.jp/digital/videoa/-/detail/=/cid=mibd00724/,https://pics.dmm.co.jp/digital/video/mibd00724/mibd00724ps.jpg
プラネットプラス,Petit Story 小さな○精の4つのお話 初芽里奈,https://www.dmm.co.jp/digital/videoa/-/detail/=/cid=h_237ambi00027/,https://pics.dmm.co.jp/digital/video/h_237ambi00027/h_237ambi00027ps.jpg
ミニマム,あの日の思い出 身長の小さな女の子 コレクション発表会 上巻,https://www.dmm.co.jp/digital/videoa/-/detail/=/cid=mmt00001/,https://pics.dmm.co.jp/digital/video/mmt00001/mmt00001ps.jpg
レズれ！,レズれ！シリーズBEST ドS女優をドMのセックス・モンスターが●す。 コンプリート5時間 SP,https://www.dmm.co.jp/digital/videoa/-/detail/=/cid=lzbs00032/,https://pics.dmm.co.jp/digital/video/lzbs00032/lzbs00032ps.jpg
レズれ！,激震パイ揺れ！暴走腰振り騎乗位 厳選ベスト5時間 オマ○コ感度無限大オーガズムお見せします！！,https://www.dmm.co.jp/digital/videoa/-/detail/=/cid=lzbs00064/,https://pics.dmm.co.jp/digital/video/lzbs00064/lzbs00064ps.jpg
プラネットプラス,貧乳女優BEST10人,https://www.dmm.co.jp/digital/videoa/-/detail/=/cid=h_237ambs00063/,https://pics.dmm.co.jp/digital/video/h_237ambs00063/h_237ambs00063ps.jpg
アンナと花子,パイパンなかよしレズビアン りな・まり,https://www.dmm.co.jp/digital/videoa/-/detail/=/cid=annd00104/,https://pics.dmm.co.jp/digital/video/annd00104/annd00104ps.jpg
レズれ！,女監督ハルナのトリプルレズ ぺニバンシンドローム,https://www.dmm.co.jp/digital/videoa/-/detail/=/cid=lzpl00025/,https://pics.dmm.co.jp/digital/video/lzpl00025/lzpl00025ps.jpg
バルタン,初潮からあんまり経ってない子,https://www.dmm.co.jp/digital/videoa/-/detail/=/cid=h_452tmcy00035/,https://pics.dmm.co.jp/digital/video/h_452tmcy00035/h_452tmcy00035ps.jpg
ケー・トライブ,娘と淫行 ロリ体型の娘との近親セックス実録 純白パイパンワレメ遊戯 初芽里奈,https://www.dmm.co.jp/digital/videoa/-/detail/=/cid=h_094ktds00741/,https://pics.dmm.co.jp/digital/video/h_094ktds00741/h_094ktds00741ps.jpg
ムーディーズ,1年365通りの日替わり中出し16時間,https://www.dmm.co.jp/digital/videoa/-/detail/=/cid=mibd00735/,https://pics.dmm.co.jp/digital/video/mibd00735/mibd00735ps.jpg
ケー・トライブ,ロリ体型の娘と近親セックス淫行1 4時間,https://www.dmm.co.jp/digital/videoa/-/detail/=/cid=h_094ktds00756/,https://pics.dmm.co.jp/digital/video/h_094ktds00756/h_094ktds00756ps.jpg
ワープエンタテイ...,幼●時代 04 いつもとちがうおままごと りなとりこ,https://www.dmm.co.jp/digital/videoa/-/detail/=/cid=2cwm00185/,https://pics.dmm.co.jp/digital/video/2cwm00185/2cwm00185ps.jpg
ワープエンタテイ...,【VR】世界でいちばんパパが好き 初芽里奈,https://www.dmm.co.jp/digital/videoa/-/detail/=/cid=2wpvr00113/,https://pics.dmm.co.jp/digital/video/2wpvr00113/2wpvr00113ps.jpg
CHANGE,M男熱狂！サディスティック美少女メイド 有村千佳 初芽里奈,https://www.dmm.co.jp/digital/videoa/-/detail/=/cid=cagg00008/,https://pics.dmm.co.jp/digital/video/cagg00008/cagg00008ps.jpg
中嶋興業,少女人形と変態三兄弟 変態飼育8,https://www.dmm.co.jp/digital/videoa/-/detail/=/cid=std00021/,https://pics.dmm.co.jp/digital/video/std00021/std00021ps.jpg
ケイ・エム・プロ...,ロリ100人8時間 2,https://www.dmm.co.jp/digital/videoa/-/detail/=/cid=84hyas00066/,https://pics.dmm.co.jp/digital/video/84hyas00066/84hyas00066ps.jpg
レズれ！,淫蜜拷問女人集団 ポルチオレズエステ ～愛と哀しみのオーガズム～ 狂い泣く女体に欲情する女たち,https://www.dmm.co.jp/digital/videoa/-/detail/=/cid=lzan00011/,https://pics.dmm.co.jp/digital/video/lzan00011/lzan00011ps.jpg
プラネットプラス,おぼこい少女たちのちゅぱちゅぱフェラ 厳選24人,https://www.dmm.co.jp/digital/videoa/-/detail/=/cid=h_237ambs00018/,https://pics.dmm.co.jp/digital/video/h_237ambs00018/h_237ambs00018ps.jpg
セレブの友,美熟女オナニー8時間78人100シーン,https://www.dmm.co.jp/digital/videoa/-/detail/=/cid=cead00116/,https://pics.dmm.co.jp/digital/video/cead00116/cead00116ps.jpg
レズれ！,レズれ！双頭ディルドレズセックス厳選ベスト5時間 膣中突き合いと「あなたのイキ顔で…」さらに高まるオンナ達の絶頂オーガズムお見せします！,https://www.dmm.co.jp/digital/videoa/-/detail/=/cid=lzbs00040/,https://pics.dmm.co.jp/digital/video/lzbs00040/lzbs00040ps.jpg
プラネットプラス,ちっぱい少女に濃厚中出しセックス12人,https://www.dmm.co.jp/digital/videoa/-/detail/=/cid=h_237ambs00041/,https://pics.dmm.co.jp/digital/video/h_237ambs00041/h_237ambs00041ps.jpg
ケイ・エム・プロ...,パンチラ好きのあなたがフルボッキで思わずシコシコしてしまう！パックリ開いてじっくり見せる！挑発パンモロ娘,https://www.dmm.co.jp/digital/videoa/-/detail/=/cid=84okax00424/,https://pics.dmm.co.jp/digital/video/84okax00424/84okax00424ps.jpg
ゑびすさん/妄想族,バーチャルべろチュウ,https://www.dmm.co.jp/digital/videoa/-/detail/=/cid=evis00155/,https://pics.dmm.co.jp/digital/video/evis00155/evis00155ps.jpg
ケイ・エム・プロ...,発育途上のパイパン美少女に濃厚中出し40人,https://www.dmm.co.jp/digital/videoa/-/detail/=/cid=84umso00275/,https://pics.dmm.co.jp/digital/video/84umso00275/84umso00275ps.jpg
アロマ企画,パイパン角オナニー,https://www.dmm.co.jp/digital/videoa/-/detail/=/cid=11arm00362/,https://pics.dmm.co.jp/digital/video/11arm00362/11arm00362ps.jpg
SEX Agent/妄想族,手を使わないフェラチオ4時間 第二弾,https://www.dmm.co.jp/digital/videoa/-/detail/=/cid=h_213ageom00012/,https://pics.dmm.co.jp/digital/video/h_213ageom00012/h_213ageom00012ps.jpg
SEX Agent/妄想族,綿パン尻コキ女子校生 02,https://www.dmm.co.jp/digital/videoa/-/detail/=/cid=436agemix00147/,https://pics.dmm.co.jp/digital/video/436agemix00147/436agemix00147ps.jpg
SEX Agent/妄想族,正座フェラ ～連続口内発射の正しい作法～,https://www.dmm.co.jp/digital/videoa/-/detail/=/cid=436agemix00134/,https://pics.dmm.co.jp/digital/video/436agemix00134/436agemix00134ps.jpg
AVS collector’s,ウルトラM性感研究所クラブ・ザ・サッキュバス 淫乱女スパイ全身性感尋問地獄 パニック！巨大なクリと敏感膣肛門,https://www.dmm.co.jp/digital/videoa/-/detail/=/cid=vecr00010/,https://pics.dmm.co.jp/digital/video/vecr00010/vecr00010ps.jpg
イノセント/妄想族,人形あそび総集編11人 夢の中で僕にご奉仕してくれる彼女たち,https://www.dmm.co.jp/digital/videoa/-/detail/=/cid=inct00022/,https://pics.dmm.co.jp/digital/video/inct00022/inct00022ps.jpg
AVS collector’s,ウルトラM性感研究所総集編 Vol.2 究極射精管理！クラブ・ザ・サッキュバス,https://www.dmm.co.jp/digital/videoa/-/detail/=/cid=vecr00016/,https://pics.dmm.co.jp/digital/video/vecr00016/vecr00016ps.jpg
なでしこ,幼妻の子作り中出し性生活6人,https://www.dmm.co.jp/digital/videoa/-/detail/=/cid=h_067nash00161/,https://pics.dmm.co.jp/digital/video/h_067nash00161/h_067nash00161ps.jpg
ゑびすさん/妄想族,過敏なアナル べろ突っこみ肛門舐めレズビアン,https://www.dmm.co.jp/digital/videoa/-/detail/=/cid=evis00160/,https://pics.dmm.co.jp/digital/video/evis00160/evis00160ps.jpg
イノセント/妄想族,パイパン美少女中出し18人,https://www.dmm.co.jp/digital/videoa/-/detail/=/cid=inct00026/,https://pics.dmm.co.jp/digital/video/inct00026/inct00026ps.jpg
SEX Agent/妄想族,スク水萌え脚コキ,https://www.dmm.co.jp/digital/videoa/-/detail/=/cid=436agemix00132/,https://pics.dmm.co.jp/digital/video/436agemix00132/436agemix00132ps.jpg
ゑびすさん/妄想族,敏感な勃起乳首を舐めるレズ9,https://www.dmm.co.jp/digital/videoa/-/detail/=/cid=evis00133/,https://pics.dmm.co.jp/digital/video/evis00133/evis00133ps.jpg
アロマ企画,直下型＆M字パンチラ挑発 ベストセレクション,https://www.dmm.co.jp/digital/videoa/-/detail/=/cid=parm00092/,https://pics.dmm.co.jp/digital/video/parm00092/parm00092ps.jpg
ゑびすさん/妄想族,3日以上はき込んだ染み付き汚れパンツをまん汁で更に汚す女子校生のオナニー2,https://www.dmm.co.jp/digital/videoa/-/detail/=/cid=evis00042/,https://pics.dmm.co.jp/digital/video/evis00042/evis00042ps.jpg
イノセント/妄想族,人形あそび 初芽里奈,https://www.dmm.co.jp/digital/videoa/-/detail/=/cid=inct00009/,https://pics.dmm.co.jp/digital/video/inct00009/inct00009ps.jpg
アロマ企画,直下型＆M字パンチラ挑発 スポーツ女子校生編,https://www.dmm.co.jp/digital/videoa/-/detail/=/cid=11parm00047/,https://pics.dmm.co.jp/digital/video/11parm00047/11parm00047ps.jpg
キチックス/妄想族,ミクロ はつめちゃん 147cm,https://www.dmm.co.jp/digital/videoa/-/detail/=/cid=ktkx00032/,https://pics.dmm.co.jp/digital/video/ktkx00032/ktkx00032ps.jpg
エンペラー/妄想族,生中出し痴●便所4時間 仕事終わりのアフタートイレ痴●濃厚生中出し陵●アクメ！,https://www.dmm.co.jp/digital/videoa/-/detail/=/cid=emrd00044/,https://pics.dmm.co.jp/digital/video/emrd00044/emrd00044ps.jpg
エンペラー/妄想族,私が満足するまでイッたらダメよ？焦らし好きのオナニー美少女が挑発的な見せつけ遊戯で貴方だけに語りかけるオナニー専用のオナニーDVD,https://www.dmm.co.jp/digital/videoa/-/detail/=/cid=emrd00041/,https://pics.dmm.co.jp/digital/video/emrd00041/emrd00041ps.jpg
エンペラー/妄想族,美白美巨乳少女のものすごいオナニー！オナニーをする為の専用DVD！！,https://www.dmm.co.jp/digital/videoa/-/detail/=/cid=emrd00038/,https://pics.dmm.co.jp/digital/video/emrd00038/emrd00038ps.jpg
ミニマム,205X年、性教育。 光クラブ×ミニマム,https://www.dmm.co.jp/digital/videoa/-/detail/=/cid=mum00102/,https://pics.dmm.co.jp/digital/video/mum00102/mum00102ps.jpg
ミニマム,○齢○○の小さな女の子たち。疑似無し本物中出しベスト。,https://www.dmm.co.jp/digital/videoa/-/detail/=/cid=mmt00037/,https://pics.dmm.co.jp/digital/video/mmt00037/mmt00037ps.jpg
ディープス,ウブな教え子をち○ぽ汁（ザーメン）まみれにするデカチン巨乳ふたなり体育教師 ある日突然生えてきたふたなり巨根の疼きに耐えられず、何度射精しても萎えない絶倫ち○ぽと大量おち○ぽミルクで教え子の女子校生を●すち○ぽメスになってしまった美人先生,https://www.dmm.co.jp/digital/videoa/-/detail/=/cid=1dvdes00739/,https://pics.dmm.co.jp/digital/video/1dvdes00739/1dvdes00739ps.jpg
TMA,ツルペタロリ系美少女アイドル18歳大全集BOX 16時間,https://www.dmm.co.jp/digital/videoa/-/detail/=/cid=55t2800522/,https://pics.dmm.co.jp/digital/video/55t2800522/55t2800522ps.jpg
シネマジック,電気拷問収容所,https://www.dmm.co.jp/digital/videoa/-/detail/=/cid=cmv00104/,https://pics.dmm.co.jp/digital/video/cmv00104/cmv00104ps.jpg
レズれ！,美女レズビアン乱交 性豪ビアンのイカセ合い同時多発絶頂に圧倒される厳選ベスト5時間,https://www.dmm.co.jp/digital/videoa/-/detail/=/cid=lzbs00079/,https://pics.dmm.co.jp/digital/video/lzbs00079/lzbs00079ps.jpg
ROOKIE,高画質 徹底的に犯し尽くす輪●16時間,https://www.dmm.co.jp/digital/videoa/-/detail/=/cid=rki00293/,https://pics.dmm.co.jp/digital/video/rki00293/rki00293ps.jpg
ケイ・エム・プロ...,新婚の幼妻が裸エプロンであなたをお出迎え！,https://www.dmm.co.jp/digital/videoa/-/detail/=/cid=umso00459/,https://pics.dmm.co.jp/digital/video/umso00459/umso00459ps.jpg
レズれ！,レズれ！祝5周年記念 オンナが女を追い詰める残酷な絶頂処刑 秘唇グチョグチョ狂乱映像10時間！！ ポルチオレズ拷問ULTRA BEST,https://www.dmm.co.jp/digital/videoa/-/detail/=/cid=lzbs00037/,https://pics.dmm.co.jp/digital/video/lzbs00037/lzbs00037ps.jpg
シネマジック,機械姦暴行,https://www.dmm.co.jp/digital/videoa/-/detail/=/cid=cmv00099/,https://pics.dmm.co.jp/digital/video/cmv00099/cmv00099ps.jpg
ROCKET,ろりえすて～ワレメ拡張デカチンマッサージ～,https://www.dmm.co.jp/digital/videoa/-/detail/=/cid=1rct00650/,https://pics.dmm.co.jp/digital/video/1rct00650/1rct00650ps.jpg
ROOKIE,溜め込んだ精子を子宮にぶちまける！高画質 ドックドク中出し100連発16時間,https://www.dmm.co.jp/digital/videoa/-/detail/=/cid=rbb00036/,https://pics.dmm.co.jp/digital/video/rbb00036/rbb00036ps.jpg
ミニマム,「もっとお口をあけてごらん」喉の奥まで嬉しそうに咥える女の子たちのフェラチオ。,https://www.dmm.co.jp/digital/videoa/-/detail/=/cid=mmt00050/,https://pics.dmm.co.jp/digital/video/mmt00050/mmt00050ps.jpg
ミニマム,4周年記念。2011年から2015年まで。「お問い合わせ」が多かった女の子ベスト。,https://www.dmm.co.jp/digital/videoa/-/detail/=/cid=mmt00039/,https://pics.dmm.co.jp/digital/video/mmt00039/mmt00039ps.jpg
TMA,オークに孕むまで輪●種付け中出しレ●プされる美少女たちBEST 7時間,https://www.dmm.co.jp/digital/videoa/-/detail/=/cid=5526id00010/,https://pics.dmm.co.jp/digital/video/5526id00010/5526id00010ps.jpg
レズれ！,業界最強！ 美しきレズビアンたちのSM・ハード調教プレイ激選ベスト5時間 イキ狂い愛し合う理性吹き飛ぶ濃厚SEX全部見せます！,https://www.dmm.co.jp/digital/videoa/-/detail/=/cid=lzbs00063/,https://pics.dmm.co.jp/digital/video/lzbs00063/lzbs00063ps.jpg
セレブの友,全部まるごとドスケベオナニーイッキ見SPECIAL 22時間42分,https://www.dmm.co.jp/digital/videoa/-/detail/=/cid=cesd00989/,https://pics.dmm.co.jp/digital/video/cesd00989/cesd00989ps.jpg
V＆R PRODUCE,元祖 時間よ止まれ！～いつでもどこでもハレンチ天国～,https://www.dmm.co.jp/digital/videoa/-/detail/=/cid=h_910avop00211/,https://pics.dmm.co.jp/digital/video/h_910avop00211/h_910avop00211ps.jpg
OFFICE K’S,制服娘の柔肌美脚が好き,https://www.dmm.co.jp/digital/videoa/-/detail/=/cid=36dksb00110/,https://pics.dmm.co.jp/digital/video/36dksb00110/36dksb00110ps.jpg
TMA,オークに孕むまで輪●種付け中出しレ●プされる美少女たち,https://www.dmm.co.jp/digital/videoa/-/detail/=/cid=5524id00017/,https://pics.dmm.co.jp/digital/video/5524id00017/5524id00017ps.jpg
レズれ！,業界最高クラス美女のアナル丸見えシリビアン！ 肉厚プリ尻レズ 厳選ベスト5時間 22組42人の極上エロ尻レズSEX！！,https://www.dmm.co.jp/digital/videoa/-/detail/=/cid=lzbs00070/,https://pics.dmm.co.jp/digital/video/lzbs00070/lzbs00070ps.jpg
レズれ！,レズれ！7周年記念スペシャル 最高の凄テクレズビアン60組10時間BEST 業界最高峰！絶対に抜ける女神プレイ,https://www.dmm.co.jp/digital/videoa/-/detail/=/cid=lzbs00061/,https://pics.dmm.co.jp/digital/video/lzbs00061/lzbs00061ps.jpg
プラネットプラス,家族からお風呂でいたずらされた少女18人,https://www.dmm.co.jp/digital/videoa/-/detail/=/cid=h_237ambs00068/,https://pics.dmm.co.jp/digital/video/h_237ambs00068/h_237ambs00068ps.jpg
レズれ！,レズれ！潮吹きレズセックス厳選ベスト5時間 オンナ同士の絶頂・大量スプラッシュお見せします！,https://www.dmm.co.jp/digital/videoa/-/detail/=/cid=lzbs00039/,https://pics.dmm.co.jp/digital/video/lzbs00039/lzbs00039ps.jpg
ディープス,レ●プが合法になった世界 4 ～公衆の面前でチ○ポ挿れっぱなし！犯りたいと思った瞬間に即ハメ！白昼堂々強●子作り！！～,https://www.dmm.co.jp/digital/videoa/-/detail/=/cid=1dvdms00002/,https://pics.dmm.co.jp/digital/video/1dvdms00002/1dvdms00002ps.jpg
OFFICE K’S,女子○生のハーレムフェラ ベストコレクション 38名 5時間,https://www.dmm.co.jp/digital/videoa/-/detail/=/cid=36dksb00084/,https://pics.dmm.co.jp/digital/video/36dksb00084/36dksb00084ps.jpg
ケー・トライブ,奇跡のロリ体型美少女 初芽里奈 永久完全保存版 4時間,https://www.dmm.co.jp/digital/videoa/-/detail/=/cid=h_094ktds00772/,https://pics.dmm.co.jp/digital/video/h_094ktds00772/h_094ktds00772ps.jpg
レズれ！,レズれ！潮吹きレズセックス厳選ベスト5時間 2 絶頂マ●コから吹き出るビシャビシャ大量撒き潮お見せします！,https://www.dmm.co.jp/digital/videoa/-/detail/=/cid=lzbs00054/,https://pics.dmm.co.jp/digital/video/lzbs00054/lzbs00054ps.jpg
V＆R PRODUCE,元祖 時間よ止まれ！パート2,https://www.dmm.co.jp/digital/videoa/-/detail/=/cid=h_910avop00327/,https://pics.dmm.co.jp/digital/video/h_910avop00327/h_910avop00327ps.jpg
ディープス,長女・次女・三女・四女・母との家族内王様ゲーム さえない長男がチ〇ポ一本で朝から晩まで5人全員のマ〇コを独り占め！家族が生まれ育った我が家でやりたい放題の連続中出し！近親相姦大乱交！！,https://www.dmm.co.jp/digital/videoa/-/detail/=/cid=1dvdes00843/,https://pics.dmm.co.jp/digital/video/1dvdes00843/1dvdes00843ps.jpg
kawaii,びちゃびちゃWパイパン潮吹き！ 中野ありさ 初芽里奈,https://www.dmm.co.jp/digital/videoa/-/detail/=/cid=kawd00451/,https://pics.dmm.co.jp/digital/video/kawd00451/kawd00451ps.jpg
ムーディーズ,鬼畜ロリ凌●BEST 発育中の未成熟なカラダを●す！,https://www.dmm.co.jp/digital/videoa/-/detail/=/cid=mibd00973/,https://pics.dmm.co.jp/digital/video/mibd00973/mibd00973ps.jpg
プラネットプラス,まるっと！初芽里奈 2,https://www.dmm.co.jp/digital/videoa/-/detail/=/cid=h_237ambs00038/,https://pics.dmm.co.jp/digital/video/h_237ambs00038/h_237ambs00038ps.jpg
プラネットプラス,まるっと！初芽里奈,https://www.dmm.co.jp/digital/videoa/-/detail/=/cid=h_237ambs00020/,https://pics.dmm.co.jp/digital/video/h_237ambs00020/h_237ambs00020ps.jpg
OFFICE K’S,JKおまんこおっぴろげオナニー 2,https://www.dmm.co.jp/digital/videoa/-/detail/=/cid=36jks00052/,https://pics.dmm.co.jp/digital/video/36jks00052/36jks00052ps.jpg
レズれ！,レズれ！祝6周年記念 拘束セックスでガチ悶えイキする女たち ベスト10時間,https://www.dmm.co.jp/digital/videoa/-/detail/=/cid=lzbs00048/,https://pics.dmm.co.jp/digital/video/lzbs00048/lzbs00048ps.jpg
ワープエンタテイ...,美少女と接吻と、おじさん。,https://www.dmm.co.jp/digital/videoa/-/detail/=/cid=2wsp00164/,https://pics.dmm.co.jp/digital/video/2wsp00164/2wsp00164ps.jpg
ROOKIE,高画質生中出し100連発16時間,https://www.dmm.co.jp/digital/videoa/-/detail/=/cid=rki00275/,https://pics.dmm.co.jp/digital/video/rki00275/rki00275ps.jpg
パラダイステレビ,お父さん達に捧ぐ！生ストリップショー最前線（2）完全版,https://www.dmm.co.jp/digital/videoa/-/detail/=/cid=parathd02094/,https://pics.dmm.co.jp/digital/video/parathd02094/parathd02094ps.jpg
プラネットプラス,ちっぱい少女に強●中出しセックス12人 2,https://www.dmm.co.jp/digital/videoa/-/detail/=/cid=h_237ambs00031/,https://pics.dmm.co.jp/digital/video/h_237ambs00031/h_237ambs00031ps.jpg
ROCKET,マスターベーションインストラクション 3-Schoolgirl JOI- あなたに語りかける淫語と焦らしストリップでオナ指示 美少女JKスペシャル,https://www.dmm.co.jp/digital/videoa/-/detail/=/cid=1rct00653/,https://pics.dmm.co.jp/digital/video/1rct00653/1rct00653ps.jpg
TMA,異世界ファンタジー美少女と種付け性交映像 PREMIUM BEST 8時間,https://www.dmm.co.jp/digital/videoa/-/detail/=/cid=5527id00001/,https://pics.dmm.co.jp/digital/video/5527id00001/5527id00001ps.jpg
TMA,貧乳美少女コスプレ PREMIUM BEST 8時間,https://www.dmm.co.jp/digital/videoa/-/detail/=/cid=5526id00046/,https://pics.dmm.co.jp/digital/video/5526id00046/5526id00046ps.jpg
ミニマム,いたずら後の強●フェラチオ。小さい女の子12人のお口へ。濃厚名場面集2。,https://www.dmm.co.jp/digital/videoa/-/detail/=/cid=mmt00007/,https://pics.dmm.co.jp/digital/video/mmt00007/mmt00007ps.jpg
レズれ！,レズれ！ペニバンセックス 厳選ベスト5時間 より激しい愛を求めたオンナ達がたどりついた容赦ないピストンをお見せします！,https://www.dmm.co.jp/digital/videoa/-/detail/=/cid=lzbs00035/,https://pics.dmm.co.jp/digital/video/lzbs00035/lzbs00035ps.jpg
ケー・トライブ,父親に犯○れた無垢な娘たち… 460分4枚組BOX,https://www.dmm.co.jp/digital/videoa/-/detail/=/cid=h_094ktra00316/,https://pics.dmm.co.jp/digital/video/h_094ktra00316/h_094ktra00316ps.jpg
BabyEntertainment,SJA 神聖 悲劇！！ 純情破壊禁断姦獄 初芽里奈,https://www.dmm.co.jp/digital/videoa/-/detail/=/cid=h_175ddev00001/,https://pics.dmm.co.jp/digital/video/h_175ddev00001/h_175ddev00001ps.jpg
レズれ！,レズれ！ 快楽堕ち必至のオイルマッサージ・セックス 厳選ベスト5時間 淫乱エステで女がハマるワレメサービスお見せします！,https://www.dmm.co.jp/digital/videoa/-/detail/=/cid=lzbs00046/,https://pics.dmm.co.jp/digital/video/lzbs00046/lzbs00046ps.jpg
レズれ！,レズキス 密着ベロベロ接吻 厳選5時間 オンナ同士の美唇と絡みつく舌と唾液をじっくりお見せします！,https://www.dmm.co.jp/digital/videoa/-/detail/=/cid=lzbs00055/,https://pics.dmm.co.jp/digital/video/lzbs00055/lzbs00055ps.jpg
レズれ！,レズれ！イッても終わらない…絶頂直後も続くイカセ責め厳選ベスト5時間 オンナ×オンナの連続オーガズムお見せします！,https://www.dmm.co.jp/digital/videoa/-/detail/=/cid=lzbs00044/,https://pics.dmm.co.jp/digital/video/lzbs00044/lzbs00044ps.jpg
ミニマム,お日さまのいたずら。小さい子たちの日焼けあと。8時間スペシャル。,https://www.dmm.co.jp/digital/videoa/-/detail/=/cid=mmt00020/,https://pics.dmm.co.jp/digital/video/mmt00020/mmt00020ps.jpg
ミニマム,あの日の思い出 身長の小さな女の子 コレクション発表会 シーズン4 （下半期ベスト）,https://www.dmm.co.jp/digital/videoa/-/detail/=/cid=mmt00042/,https://pics.dmm.co.jp/digital/video/mmt00042/mmt00042ps.jpg
セレブの友,発情人妻オマ○コ種付け生中出しSEX24時間25分,https://www.dmm.co.jp/digital/videoa/-/detail/=/cid=cesd00817/,https://pics.dmm.co.jp/digital/video/cesd00817/cesd00817ps.jpg
ケー・トライブ,密室バスルーム淫行 37人収録 13時間4枚組BOX,https://www.dmm.co.jp/digital/videoa/-/detail/=/cid=h_094ktra00342/,https://pics.dmm.co.jp/digital/video/h_094ktra00342/h_094ktra00342ps.jpg
シネマジック,DID 誘拐・監禁・着衣緊縛・猿轡 拘束され絶望するヒロインたち2,https://www.dmm.co.jp/digital/videoa/-/detail/=/cid=cmv00098/,https://pics.dmm.co.jp/digital/video/cmv00098/cmv00098ps.jpg
ムーディーズ,娘の目の前で堂々とSEXしちゃうママ たかせ由奈,https://www.dmm.co.jp/digital/videoa/-/detail/=/cid=miad00958/,https://pics.dmm.co.jp/digital/video/miad00958/miad00958ps.jpg
ドリームチケット,接吻のち、孕ませ。 初芽里奈,https://www.dmm.co.jp/digital/videoa/-/detail/=/cid=24kpd00009/,https://pics.dmm.co.jp/digital/video/24kpd00009/24kpd00009ps.jpg
レズれ！,レズれ！ペニバンセックス 厳選ベスト5時間2 さらに愛が激化したオンナたちの猛烈ピストン膣奥イキ！お見せします！,https://www.dmm.co.jp/digital/videoa/-/detail/=/cid=lzbs00043/,https://pics.dmm.co.jp/digital/video/lzbs00043/lzbs00043ps.jpg
ケイ・エム・プロ...,清純で可愛らしい18才美少女のつたない騎乗位50人,https://www.dmm.co.jp/digital/videoa/-/detail/=/cid=84umso00205/,https://pics.dmm.co.jp/digital/video/84umso00205/84umso00205ps.jpg
プラネットプラス,「あなる凌●診察」初芽里奈,https://www.dmm.co.jp/digital/videoa/-/detail/=/cid=h_237nisr00001/,https://pics.dmm.co.jp/digital/video/h_237nisr00001/h_237nisr00001ps.jpg
ROOKIE,複数の男たちで顔もカラダも精子で汚しまくる！ぶっかけ輪●BEST 16時間,https://www.dmm.co.jp/digital/videoa/-/detail/=/cid=rki00381/,https://pics.dmm.co.jp/digital/video/rki00381/rki00381ps.jpg
プラネットプラス,喉奥まで咥えさせ唾液でグッチョグチョ 美少女イラマチオ24人,https://www.dmm.co.jp/digital/videoa/-/detail/=/cid=h_237ambs00049/,https://pics.dmm.co.jp/digital/video/h_237ambs00049/h_237ambs00049ps.jpg
レズれ！,クリやマ○コを擦るだけじゃイキ足りないオンナたち 羞恥、拘束、淫語のSMヘンタイ凌●性交にハマるレズビアン 厳選ベスト5時間,https://www.dmm.co.jp/digital/videoa/-/detail/=/cid=lzbs00077/,https://pics.dmm.co.jp/digital/video/lzbs00077/lzbs00077ps.jpg
ムーディーズ,ドラマシーンも収録で臨場感たっぷり！！その女がレ●プされた理由…,https://www.dmm.co.jp/digital/videoa/-/detail/=/cid=mibd00740/,https://pics.dmm.co.jp/digital/video/mibd00740/mibd00740ps.jpg
プラネットプラス,まるっと！初芽里奈 3,https://www.dmm.co.jp/digital/videoa/-/detail/=/cid=h_237zmar00011/,https://pics.dmm.co.jp/digital/video/h_237zmar00011/h_237zmar00011ps.jpg
中嶋興業,公然体罰2 初芽里奈,https://www.dmm.co.jp/digital/videoa/-/detail/=/cid=nkd00105/,https://pics.dmm.co.jp/digital/video/nkd00105/nkd00105ps.jpg
ROOKIE,高画質 悶え苦しむ拘束 16時間,https://www.dmm.co.jp/digital/videoa/-/detail/=/cid=rki00295/,https://pics.dmm.co.jp/digital/video/rki00295/rki00295ps.jpg
ケー・トライブ,変態パパと無垢な娘の性遊戯 4人収録 460分 4枚組BOX,https://www.dmm.co.jp/digital/videoa/-/detail/=/cid=h_094ktra00361/,https://pics.dmm.co.jp/digital/video/h_094ktra00361/h_094ktra00361ps.jpg
ROOKIE,乳首は人一倍敏感！「微乳・貧乳・無乳」厳選小乳BEST！16時間 38人！,https://www.dmm.co.jp/digital/videoa/-/detail/=/cid=rki00281/,https://pics.dmm.co.jp/digital/video/rki00281/rki00281ps.jpg
SODクリエイト,身長145cm未満のミニミニちびっ娘3人組！営業中の男湯に潜り込んでパパには内緒のイタズラごっこ,https://www.dmm.co.jp/digital/videoa/-/detail/=/cid=1sdmt00464/,https://pics.dmm.co.jp/digital/video/1sdmt00464/1sdmt00464ps.jpg
ムーディーズ,集団輪●！！ 連続中出し BEST vol.2,https://www.dmm.co.jp/digital/videoa/-/detail/=/cid=mibd00790/,https://pics.dmm.co.jp/digital/video/mibd00790/mibd00790ps.jpg
ROOKIE,凌●と鬼畜の凶気姦獄 16時間,https://www.dmm.co.jp/digital/videoa/-/detail/=/cid=rki00371/,https://pics.dmm.co.jp/digital/video/rki00371/rki00371ps.jpg
レズれ！,ノーモザイク・レズれ！食い込み大増量乱交ver.,https://www.dmm.co.jp/digital/videoa/-/detail/=/cid=lzwm00022/,https://pics.dmm.co.jp/digital/video/lzwm00022/lzwm00022ps.jpg
GIGA,高飛車お嬢様ヒロイン汚男餓鬼地獄 聖女戦士シェラザード 初芽里奈,https://www.dmm.co.jp/digital/videoa/-/detail/=/cid=h_173ghko00021/,https://pics.dmm.co.jp/digital/video/h_173ghko00021/h_173ghko00021ps.jpg
ROOKIE,凌●は中出しするまで終わらない16時間,https://www.dmm.co.jp/digital/videoa/-/detail/=/cid=rbb00011/,https://pics.dmm.co.jp/digital/video/rbb00011/rbb00011ps.jpg
ムーディーズ,中出し射精直前の生だからより気持ちのいいピストン,https://www.dmm.co.jp/digital/videoa/-/detail/=/cid=mibd00724/,https://pics.dmm.co.jp/digital/video/mibd00724/mibd00724ps.jpg
プラネットプラス,Petit Story 小さな○精の4つのお話 初芽里奈,https://www.dmm.co.jp/digital/videoa/-/detail/=/cid=h_237ambi00027/,https://pics.dmm.co.jp/digital/video/h_237ambi00027/h_237ambi00027ps.jpg
ミニマム,あの日の思い出 身長の小さな女の子 コレクション発表会 上巻,https://www.dmm.co.jp/digital/videoa/-/detail/=/cid=mmt00001/,https://pics.dmm.co.jp/digital/video/mmt00001/mmt00001ps.jpg
レズれ！,レズれ！シリーズBEST ドS女優をドMのセックス・モンスターが●す。 コンプリート5時間 SP,https://www.dmm.co.jp/digital/videoa/-/detail/=/cid=lzbs00032/,https://pics.dmm.co.jp/digital/video/lzbs00032/lzbs00032ps.jpg
レズれ！,激震パイ揺れ！暴走腰振り騎乗位 厳選ベスト5時間 オマ○コ感度無限大オーガズムお見せします！！,https://www.dmm.co.jp/digital/videoa/-/detail/=/cid=lzbs00064/,https://pics.dmm.co.jp/digital/video/lzbs00064/lzbs00064ps.jpg
プラネットプラス,貧乳女優BEST10人,https://www.dmm.co.jp/digital/videoa/-/detail/=/cid=h_237ambs00063/,https://pics.dmm.co.jp/digital/video/h_237ambs00063/h_237ambs00063ps.jpg
アンナと花子,パイパンなかよしレズビアン りな・まり,https://www.dmm.co.jp/digital/videoa/-/detail/=/cid=annd00104/,https://pics.dmm.co.jp/digital/video/annd00104/annd00104ps.jpg
レズれ！,女監督ハルナのトリプルレズ ぺニバンシンドローム,https://www.dmm.co.jp/digital/videoa/-/detail/=/cid=lzpl00025/,https://pics.dmm.co.jp/digital/video/lzpl00025/lzpl00025ps.jpg
バルタン,初潮からあんまり経ってない子,https://www.dmm.co.jp/digital/videoa/-/detail/=/cid=h_452tmcy00035/,https://pics.dmm.co.jp/digital/video/h_452tmcy00035/h_452tmcy00035ps.jpg
ケー・トライブ,娘と淫行 ロリ体型の娘との近親セックス実録 純白パイパンワレメ遊戯 初芽里奈,https://www.dmm.co.jp/digital/videoa/-/detail/=/cid=h_094ktds00741/,https://pics.dmm.co.jp/digital/video/h_094ktds00741/h_094ktds00741ps.jpg
ムーディーズ,1年365通りの日替わり中出し16時間,https://www.dmm.co.jp/digital/videoa/-/detail/=/cid=mibd00735/,https://pics.dmm.co.jp/digital/video/mibd00735/mibd00735ps.jpg
ケー・トライブ,ロリ体型の娘と近親セックス淫行1 4時間,https://www.dmm.co.jp/digital/videoa/-/detail/=/cid=h_094ktds00756/,https://pics.dmm.co.jp/digital/video/h_094ktds00756/h_094ktds00756ps.jpg
ワープエンタテイ...,幼●時代 04 いつもとちがうおままごと りなとりこ,https://www.dmm.co.jp/digital/videoa/-/detail/=/cid=2cwm00185/,https://pics.dmm.co.jp/digital/video/2cwm00185/2cwm00185ps.jpg
ワープエンタテイ...,【VR】世界でいちばんパパが好き 初芽里奈,https://www.dmm.co.jp/digital/videoa/-/detail/=/cid=2wpvr00113/,https://pics.dmm.co.jp/digital/video/2wpvr00113/2wpvr00113ps.jpg
CHANGE,M男熱狂！サディスティック美少女メイド 有村千佳 初芽里奈,https://www.dmm.co.jp/digital/videoa/-/detail/=/cid=cagg00008/,https://pics.dmm.co.jp/digital/video/cagg00008/cagg00008ps.jpg
中嶋興業,少女人形と変態三兄弟 変態飼育8,https://www.dmm.co.jp/digital/videoa/-/detail/=/cid=std00021/,https://pics.dmm.co.jp/digital/video/std00021/std00021ps.jpg
ケイ・エム・プロ...,ロリ100人8時間 2,https://www.dmm.co.jp/digital/videoa/-/detail/=/cid=84hyas00066/,https://pics.dmm.co.jp/digital/video/84hyas00066/84hyas00066ps.jpg
レズれ！,淫蜜拷問女人集団 ポルチオレズエステ ～愛と哀しみのオーガズム～ 狂い泣く女体に欲情する女たち,https://www.dmm.co.jp/digital/videoa/-/detail/=/cid=lzan00011/,https://pics.dmm.co.jp/digital/video/lzan00011/lzan00011ps.jpg
プラネットプラス,おぼこい少女たちのちゅぱちゅぱフェラ 厳選24人,https://www.dmm.co.jp/digital/videoa/-/detail/=/cid=h_237ambs00018/,https://pics.dmm.co.jp/digital/video/h_237ambs00018/h_237ambs00018ps.jpg
セレブの友,美熟女オナニー8時間78人100シーン,https://www.dmm.co.jp/digital/videoa/-/detail/=/cid=cead00116/,https://pics.dmm.co.jp/digital/video/cead00116/cead00116ps.jpg
レズれ！,レズれ！双頭ディルドレズセックス厳選ベスト5時間 膣中突き合いと「あなたのイキ顔で…」さらに高まるオンナ達の絶頂オーガズムお見せします！,https://www.dmm.co.jp/digital/videoa/-/detail/=/cid=lzbs00040/,https://pics.dmm.co.jp/digital/video/lzbs00040/lzbs00040ps.jpg
プラネットプラス,ちっぱい少女に濃厚中出しセックス12人,https://www.dmm.co.jp/digital/videoa/-/detail/=/cid=h_237ambs00041/,https://pics.dmm.co.jp/digital/video/h_237ambs00041/h_237ambs00041ps.jpg
ケイ・エム・プロ...,パンチラ好きのあなたがフルボッキで思わずシコシコしてしまう！パックリ開いてじっくり見せる！挑発パンモロ娘,https://www.dmm.co.jp/digital/videoa/-/detail/=/cid=84okax00424/,https://pics.dmm.co.jp/digital/video/84okax00424/84okax00424ps.jpg
ゑびすさん/妄想族,バーチャルべろチュウ,https://www.dmm.co.jp/digital/videoa/-/detail/=/cid=evis00155/,https://pics.dmm.co.jp/digital/video/evis00155/evis00155ps.jpg
ケイ・エム・プロ...,発育途上のパイパン美少女に濃厚中出し40人,https://www.dmm.co.jp/digital/videoa/-/detail/=/cid=84umso00275/,https://pics.dmm.co.jp/digital/video/84umso00275/84umso00275ps.jpg
アロマ企画,パイパン角オナニー,https://www.dmm.co.jp/digital/videoa/-/detail/=/cid=11arm00362/,https://pics.dmm.co.jp/digital/video/11arm00362/11arm00362ps.jpg
SEX Agent/妄想族,手を使わないフェラチオ4時間 第二弾,https://www.dmm.co.jp/digital/videoa/-/detail/=/cid=h_213ageom00012/,https://pics.dmm.co.jp/digital/video/h_213ageom00012/h_213ageom00012ps.jpg
SEX Agent/妄想族,綿パン尻コキ女子校生 02,https://www.dmm.co.jp/digital/videoa/-/detail/=/cid=436agemix00147/,https://pics.dmm.co.jp/digital/video/436agemix00147/436agemix00147ps.jpg
SEX Agent/妄想族,正座フェラ ～連続口内発射の正しい作法～,https://www.dmm.co.jp/digital/videoa/-/detail/=/cid=436agemix00134/,https://pics.dmm.co.jp/digital/video/436agemix00134/436agemix00134ps.jpg
AVS collector’s,ウルトラM性感研究所クラブ・ザ・サッキュバス 淫乱女スパイ全身性感尋問地獄 パニック！巨大なクリと敏感膣肛門,https://www.dmm.co.jp/digital/videoa/-/detail/=/cid=vecr00010/,https://pics.dmm.co.jp/digital/video/vecr00010/vecr00010ps.jpg
イノセント/妄想族,人形あそび総集編11人 夢の中で僕にご奉仕してくれる彼女たち,https://www.dmm.co.jp/digital/videoa/-/detail/=/cid=inct00022/,https://pics.dmm.co.jp/digital/video/inct00022/inct00022ps.jpg
AVS collector’s,ウルトラM性感研究所総集編 Vol.2 究極射精管理！クラブ・ザ・サッキュバス,https://www.dmm.co.jp/digital/videoa/-/detail/=/cid=vecr00016/,https://pics.dmm.co.jp/digital/video/vecr00016/vecr00016ps.jpg
なでしこ,幼妻の子作り中出し性生活6人,https://www.dmm.co.jp/digital/videoa/-/detail/=/cid=h_067nash00161/,https://pics.dmm.co.jp/digital/video/h_067nash00161/h_067nash00161ps.jpg
ゑびすさん/妄想族,過敏なアナル べろ突っこみ肛門舐めレズビアン,https://www.dmm.co.jp/digital/videoa/-/detail/=/cid=evis00160/,https://pics.dmm.co.jp/digital/video/evis00160/evis00160ps.jpg
イノセント/妄想族,パイパン美少女中出し18人,https://www.dmm.co.jp/digital/videoa/-/detail/=/cid=inct00026/,https://pics.dmm.co.jp/digital/video/inct00026/inct00026ps.jpg
SEX Agent/妄想族,スク水萌え脚コキ,https://www.dmm.co.jp/digital/videoa/-/detail/=/cid=436agemix00132/,https://pics.dmm.co.jp/digital/video/436agemix00132/436agemix00132ps.jpg
ゑびすさん/妄想族,敏感な勃起乳首を舐めるレズ9,https://www.dmm.co.jp/digital/videoa/-/detail/=/cid=evis00133/,https://pics.dmm.co.jp/digital/video/evis00133/evis00133ps.jpg
アロマ企画,直下型＆M字パンチラ挑発 ベストセレクション,https://www.dmm.co.jp/digital/videoa/-/detail/=/cid=parm00092/,https://pics.dmm.co.jp/digital/video/parm00092/parm00092ps.jpg
ゑびすさん/妄想族,3日以上はき込んだ染み付き汚れパンツをまん汁で更に汚す女子校生のオナニー2,https://www.dmm.co.jp/digital/videoa/-/detail/=/cid=evis00042/,https://pics.dmm.co.jp/digital/video/evis00042/evis00042ps.jpg
イノセント/妄想族,人形あそび 初芽里奈,https://www.dmm.co.jp/digital/videoa/-/detail/=/cid=inct00009/,https://pics.dmm.co.jp/digital/video/inct00009/inct00009ps.jpg
アロマ企画,直下型＆M字パンチラ挑発 スポーツ女子校生編,https://www.dmm.co.jp/digital/videoa/-/detail/=/cid=11parm00047/,https://pics.dmm.co.jp/digital/video/11parm00047/11parm00047ps.jpg
キチックス/妄想族,ミクロ はつめちゃん 147cm,https://www.dmm.co.jp/digital/videoa/-/detail/=/cid=ktkx00032/,https://pics.dmm.co.jp/digital/video/ktkx00032/ktkx00032ps.jpg
エンペラー/妄想族,生中出し痴●便所4時間 仕事終わりのアフタートイレ痴●濃厚生中出し陵●アクメ！,https://www.dmm.co.jp/digital/videoa/-/detail/=/cid=emrd00044/,https://pics.dmm.co.jp/digital/video/emrd00044/emrd00044ps.jpg
エンペラー/妄想族,私が満足するまでイッたらダメよ？焦らし好きのオナニー美少女が挑発的な見せつけ遊戯で貴方だけに語りかけるオナニー専用のオナニーDVD,https://www.dmm.co.jp/digital/videoa/-/detail/=/cid=emrd00041/,https://pics.dmm.co.jp/digital/video/emrd00041/emrd00041ps.jpg
エンペラー/妄想族,美白美巨乳少女のものすごいオナニー！オナニーをする為の専用DVD！！,https://www.dmm.co.jp/digital/videoa/-/detail/=/cid=emrd00038/,https://pics.dmm.co.jp/digital/video/emrd00038/emrd00038ps.jpg
ミニマム,205X年、性教育。 光クラブ×ミニマム,https://www.dmm.co.jp/digital/videoa/-/detail/=/cid=mum00102/,https://pics.dmm.co.jp/digital/video/mum00102/mum00102ps.jpg
ミニマム,○齢○○の小さな女の子たち。疑似無し本物中出しベスト。,https://www.dmm.co.jp/digital/videoa/-/detail/=/cid=mmt00037/,https://pics.dmm.co.jp/digital/video/mmt00037/mmt00037ps.jpg
ディープス,ウブな教え子をち○ぽ汁（ザーメン）まみれにするデカチン巨乳ふたなり体育教師 ある日突然生えてきたふたなり巨根の疼きに耐えられず、何度射精しても萎えない絶倫ち○ぽと大量おち○ぽミルクで教え子の女子校生を●すち○ぽメスになってしまった美人先生,https://www.dmm.co.jp/digital/videoa/-/detail/=/cid=1dvdes00739/,https://pics.dmm.co.jp/digital/video/1dvdes00739/1dvdes00739ps.jpg
TMA,ツルペタロリ系美少女アイドル18歳大全集BOX 16時間,https://www.dmm.co.jp/digital/videoa/-/detail/=/cid=55t2800522/,https://pics.dmm.co.jp/digital/video/55t2800522/55t2800522ps.jpg
シネマジック,電気拷問収容所,https://www.dmm.co.jp/digital/videoa/-/detail/=/cid=cmv00104/,https://pics.dmm.co.jp/digital/video/cmv00104/cmv00104ps.jpg
レズれ！,美女レズビアン乱交 性豪ビアンのイカセ合い同時多発絶頂に圧倒される厳選ベスト5時間,https://www.dmm.co.jp/digital/videoa/-/detail/=/cid=lzbs00079/,https://pics.dmm.co.jp/digital/video/lzbs00079/lzbs00079ps.jpg
ROOKIE,高画質 徹底的に犯し尽くす輪●16時間,https://www.dmm.co.jp/digital/videoa/-/detail/=/cid=rki00293/,https://pics.dmm.co.jp/digital/video/rki00293/rki00293ps.jpg
ケイ・エム・プロ...,新婚の幼妻が裸エプロンであなたをお出迎え！,https://www.dmm.co.jp/digital/videoa/-/detail/=/cid=umso00459/,https://pics.dmm.co.jp/digital/video/umso00459/umso00459ps.jpg
レズれ！,レズれ！祝5周年記念 オンナが女を追い詰める残酷な絶頂処刑 秘唇グチョグチョ狂乱映像10時間！！ ポルチオレズ拷問ULTRA BEST,https://www.dmm.co.jp/digital/videoa/-/detail/=/cid=lzbs00037/,https://pics.dmm.co.jp/digital/video/lzbs00037/lzbs00037ps.jpg
シネマジック,機械姦暴行,https://www.dmm.co.jp/digital/videoa/-/detail/=/cid=cmv00099/,https://pics.dmm.co.jp/digital/video/cmv00099/cmv00099ps.jpg
ROCKET,ろりえすて～ワレメ拡張デカチンマッサージ～,https://www.dmm.co.jp/digital/videoa/-/detail/=/cid=1rct00650/,https://pics.dmm.co.jp/digital/video/1rct00650/1rct00650ps.jpg
ROOKIE,溜め込んだ精子を子宮にぶちまける！高画質 ドックドク中出し100連発16時間,https://www.dmm.co.jp/digital/videoa/-/detail/=/cid=rbb00036/,https://pics.dmm.co.jp/digital/video/rbb00036/rbb00036ps.jpg
ミニマム,「もっとお口をあけてごらん」喉の奥まで嬉しそうに咥える女の子たちのフェラチオ。,https://www.dmm.co.jp/digital/videoa/-/detail/=/cid=mmt00050/,https://pics.dmm.co.jp/digital/video/mmt00050/mmt00050ps.jpg
ミニマム,4周年記念。2011年から2015年まで。「お問い合わせ」が多かった女の子ベスト。,https://www.dmm.co.jp/digital/videoa/-/detail/=/cid=mmt00039/,https://pics.dmm.co.jp/digital/video/mmt00039/mmt00039ps.jpg
TMA,オークに孕むまで輪●種付け中出しレ●プされる美少女たちBEST 7時間,https://www.dmm.co.jp/digital/videoa/-/detail/=/cid=5526id00010/,https://pics.dmm.co.jp/digital/video/5526id00010/5526id00010ps.jpg
レズれ！,業界最強！ 美しきレズビアンたちのSM・ハード調教プレイ激選ベスト5時間 イキ狂い愛し合う理性吹き飛ぶ濃厚SEX全部見せます！,https://www.dmm.co.jp/digital/videoa/-/detail/=/cid=lzbs00063/,https://pics.dmm.co.jp/digital/video/lzbs00063/lzbs00063ps.jpg
セレブの友,全部まるごとドスケベオナニーイッキ見SPECIAL 22時間42分,https://www.dmm.co.jp/digital/videoa/-/detail/=/cid=cesd00989/,https://pics.dmm.co.jp/digital/video/cesd00989/cesd00989ps.jpg
V＆R PRODUCE,元祖 時間よ止まれ！～いつでもどこでもハレンチ天国～,https://www.dmm.co.jp/digital/videoa/-/detail/=/cid=h_910avop00211/,https://pics.dmm.co.jp/digital/video/h_910avop00211/h_910avop00211ps.jpg
OFFICE K’S,制服娘の柔肌美脚が好き,https://www.dmm.co.jp/digital/videoa/-/detail/=/cid=36dksb00110/,https://pics.dmm.co.jp/digital/video/36dksb00110/36dksb00110ps.jpg
TMA,オークに孕むまで輪●種付け中出しレ●プされる美少女たち,https://www.dmm.co.jp/digital/videoa/-/detail/=/cid=5524id00017/,https://pics.dmm.co.jp/digital/video/5524id00017/5524id00017ps.jpg
レズれ！,業界最高クラス美女のアナル丸見えシリビアン！ 肉厚プリ尻レズ 厳選ベスト5時間 22組42人の極上エロ尻レズSEX！！,https://www.dmm.co.jp/digital/videoa/-/detail/=/cid=lzbs00070/,https://pics.dmm.co.jp/digital/video/lzbs00070/lzbs00070ps.jpg
レズれ！,レズれ！7周年記念スペシャル 最高の凄テクレズビアン60組10時間BEST 業界最高峰！絶対に抜ける女神プレイ,https://www.dmm.co.jp/digital/videoa/-/detail/=/cid=lzbs00061/,https://pics.dmm.co.jp/digital/video/lzbs00061/lzbs00061ps.jpg
プラネットプラス,家族からお風呂でいたずらされた少女18人,https://www.dmm.co.jp/digital/videoa/-/detail/=/cid=h_237ambs00068/,https://pics.dmm.co.jp/digital/video/h_237ambs00068/h_237ambs00068ps.jpg
レズれ！,レズれ！潮吹きレズセックス厳選ベスト5時間 オンナ同士の絶頂・大量スプラッシュお見せします！,https://www.dmm.co.jp/digital/videoa/-/detail/=/cid=lzbs00039/,https://pics.dmm.co.jp/digital/video/lzbs00039/lzbs00039ps.jpg
ディープス,レ●プが合法になった世界 4 ～公衆の面前でチ○ポ挿れっぱなし！犯りたいと思った瞬間に即ハメ！白昼堂々強●子作り！！～,https://www.dmm.co.jp/digital/videoa/-/detail/=/cid=1dvdms00002/,https://pics.dmm.co.jp/digital/video/1dvdms00002/1dvdms00002ps.jpg
OFFICE K’S,女子○生のハーレムフェラ ベストコレクション 38名 5時間,https://www.dmm.co.jp/digital/videoa/-/detail/=/cid=36dksb00084/,https://pics.dmm.co.jp/digital/video/36dksb00084/36dksb00084ps.jpg
ケー・トライブ,奇跡のロリ体型美少女 初芽里奈 永久完全保存版 4時間,https://www.dmm.co.jp/digital/videoa/-/detail/=/cid=h_094ktds00772/,https://pics.dmm.co.jp/digital/video/h_094ktds00772/h_094ktds00772ps.jpg
レズれ！,レズれ！潮吹きレズセックス厳選ベスト5時間 2 絶頂マ●コから吹き出るビシャビシャ大量撒き潮お見せします！,https://www.dmm.co.jp/digital/videoa/-/detail/=/cid=lzbs00054/,https://pics.dmm.co.jp/digital/video/lzbs00054/lzbs00054ps.jpg
V＆R PRODUCE,元祖 時間よ止まれ！パート2,https://www.dmm.co.jp/digital/videoa/-/detail/=/cid=h_910avop00327/,https://pics.dmm.co.jp/digital/video/h_910avop00327/h_910avop00327ps.jpg
ディープス,長女・次女・三女・四女・母との家族内王様ゲーム さえない長男がチ〇ポ一本で朝から晩まで5人全員のマ〇コを独り占め！家族が生まれ育った我が家でやりたい放題の連続中出し！近親相姦大乱交！！,https://www.dmm.co.jp/digital/videoa/-/detail/=/cid=1dvdes00843/,https://pics.dmm.co.jp/digital/video/1dvdes00843/1dvdes00843ps.jpg
kawaii,びちゃびちゃWパイパン潮吹き！ 中野ありさ 初芽里奈,https://www.dmm.co.jp/digital/videoa/-/detail/=/cid=kawd00451/,https://pics.dmm.co.jp/digital/video/kawd00451/kawd00451ps.jpg
ムーディーズ,鬼畜ロリ凌●BEST 発育中の未成熟なカラダを●す！,https://www.dmm.co.jp/digital/videoa/-/detail/=/cid=mibd00973/,https://pics.dmm.co.jp/digital/video/mibd00973/mibd00973ps.jpg
プラネットプラス,まるっと！初芽里奈 2,https://www.dmm.co.jp/digital/videoa/-/detail/=/cid=h_237ambs00038/,https://pics.dmm.co.jp/digital/video/h_237ambs00038/h_237ambs00038ps.jpg
プラネットプラス,まるっと！初芽里奈,https://www.dmm.co.jp/digital/videoa/-/detail/=/cid=h_237ambs00020/,https://pics.dmm.co.jp/digital/video/h_237ambs00020/h_237ambs00020ps.jpg
OFFICE K’S,JKおまんこおっぴろげオナニー 2,https://www.dmm.co.jp/digital/videoa/-/detail/=/cid=36jks00052/,https://pics.dmm.co.jp/digital/video/36jks00052/36jks00052ps.jpg
レズれ！,レズれ！祝6周年記念 拘束セックスでガチ悶えイキする女たち ベスト10時間,https://www.dmm.co.jp/digital/videoa/-/detail/=/cid=lzbs00048/,https://pics.dmm.co.jp/digital/video/lzbs00048/lzbs00048ps.jpg
ワープエンタテイ...,美少女と接吻と、おじさん。,https://www.dmm.co.jp/digital/videoa/-/detail/=/cid=2wsp00164/,https://pics.dmm.co.jp/digital/video/2wsp00164/2wsp00164ps.jpg
ROOKIE,高画質生中出し100連発16時間,https://www.dmm.co.jp/digital/videoa/-/detail/=/cid=rki00275/,https://pics.dmm.co.jp/digital/video/rki00275/rki00275ps.jpg
パラダイステレビ,お父さん達に捧ぐ！生ストリップショー最前線（2）完全版,https://www.dmm.co.jp/digital/videoa/-/detail/=/cid=parathd02094/,https://pics.dmm.co.jp/digital/video/parathd02094/parathd02094ps.jpg
プラネットプラス,ちっぱい少女に強●中出しセックス12人 2,https://www.dmm.co.jp/digital/videoa/-/detail/=/cid=h_237ambs00031/,https://pics.dmm.co.jp/digital/video/h_237ambs00031/h_237ambs00031ps.jpg
ROCKET,マスターベーションインストラクション 3-Schoolgirl JOI- あなたに語りかける淫語と焦らしストリップでオナ指示 美少女JKスペシャル,https://www.dmm.co.jp/digital/videoa/-/detail/=/cid=1rct00653/,https://pics.dmm.co.jp/digital/video/1rct00653/1rct00653ps.jpg
TMA,異世界ファンタジー美少女と種付け性交映像 PREMIUM BEST 8時間,https://www.dmm.co.jp/digital/videoa/-/detail/=/cid=5527id00001/,https://pics.dmm.co.jp/digital/video/5527id00001/5527id00001ps.jpg
TMA,貧乳美少女コスプレ PREMIUM BEST 8時間,https://www.dmm.co.jp/digital/videoa/-/detail/=/cid=5526id00046/,https://pics.dmm.co.jp/digital/video/5526id00046/5526id00046ps.jpg
ミニマム,いたずら後の強●フェラチオ。小さい女の子12人のお口へ。濃厚名場面集2。,https://www.dmm.co.jp/digital/videoa/-/detail/=/cid=mmt00007/,https://pics.dmm.co.jp/digital/video/mmt00007/mmt00007ps.jpg
レズれ！,レズれ！ペニバンセックス 厳選ベスト5時間 より激しい愛を求めたオンナ達がたどりついた容赦ないピストンをお見せします！,https://www.dmm.co.jp/digital/videoa/-/detail/=/cid=lzbs00035/,https://pics.dmm.co.jp/digital/video/lzbs00035/lzbs00035ps.jpg
ケー・トライブ,父親に犯○れた無垢な娘たち… 460分4枚組BOX,https://www.dmm.co.jp/digital/videoa/-/detail/=/cid=h_094ktra00316/,https://pics.dmm.co.jp/digital/video/h_094ktra00316/h_094ktra00316ps.jpg
BabyEntertainment,SJA 神聖 悲劇！！ 純情破壊禁断姦獄 初芽里奈,https://www.dmm.co.jp/digital/videoa/-/detail/=/cid=h_175ddev00001/,https://pics.dmm.co.jp/digital/video/h_175ddev00001/h_175ddev00001ps.jpg
レズれ！,レズれ！ 快楽堕ち必至のオイルマッサージ・セックス 厳選ベスト5時間 淫乱エステで女がハマるワレメサービスお見せします！,https://www.dmm.co.jp/digital/videoa/-/detail/=/cid=lzbs00046/,https://pics.dmm.co.jp/digital/video/lzbs00046/lzbs00046ps.jpg
レズれ！,レズキス 密着ベロベロ接吻 厳選5時間 オンナ同士の美唇と絡みつく舌と唾液をじっくりお見せします！,https://www.dmm.co.jp/digital/videoa/-/detail/=/cid=lzbs00055/,https://pics.dmm.co.jp/digital/video/lzbs00055/lzbs00055ps.jpg
レズれ！,レズれ！イッても終わらない…絶頂直後も続くイカセ責め厳選ベスト5時間 オンナ×オンナの連続オーガズムお見せします！,https://www.dmm.co.jp/digital/videoa/-/detail/=/cid=lzbs00044/,https://pics.dmm.co.jp/digital/video/lzbs00044/lzbs00044ps.jpg
ミニマム,お日さまのいたずら。小さい子たちの日焼けあと。8時間スペシャル。,https://www.dmm.co.jp/digital/videoa/-/detail/=/cid=mmt00020/,https://pics.dmm.co.jp/digital/video/mmt00020/mmt00020ps.jpg
ミニマム,あの日の思い出 身長の小さな女の子 コレクション発表会 シーズン4 （下半期ベスト）,https://www.dmm.co.jp/digital/videoa/-/detail/=/cid=mmt00042/,https://pics.dmm.co.jp/digital/video/mmt00042/mmt00042ps.jpg
セレブの友,発情人妻オマ○コ種付け生中出しSEX24時間25分,https://www.dmm.co.jp/digital/videoa/-/detail/=/cid=cesd00817/,https://pics.dmm.co.jp/digital/video/cesd00817/cesd00817ps.jpg
ケー・トライブ,密室バスルーム淫行 37人収録 13時間4枚組BOX,https://www.dmm.co.jp/digital/videoa/-/detail/=/cid=h_094ktra00342/,https://pics.dmm.co.jp/digital/video/h_094ktra00342/h_094ktra00342ps.jpg
シネマジック,DID 誘拐・監禁・着衣緊縛・猿轡 拘束され絶望するヒロインたち2,https://www.dmm.co.jp/digital/videoa/-/detail/=/cid=cmv00098/,https://pics.dmm.co.jp/digital/video/cmv00098/cmv00098ps.jpg
ムーディーズ,娘の目の前で堂々とSEXしちゃうママ たかせ由奈,https://www.dmm.co.jp/digital/videoa/-/detail/=/cid=miad00958/,https://pics.dmm.co.jp/digital/video/miad00958/miad00958ps.jpg
ドリームチケット,接吻のち、孕ませ。 初芽里奈,https://www.dmm.co.jp/digital/videoa/-/detail/=/cid=24kpd00009/,https://pics.dmm.co.jp/digital/video/24kpd00009/24kpd00009ps.jpg
レズれ！,レズれ！ペニバンセックス 厳選ベスト5時間2 さらに愛が激化したオンナたちの猛烈ピストン膣奥イキ！お見せします！,https://www.dmm.co.jp/digital/videoa/-/detail/=/cid=lzbs00043/,https://pics.dmm.co.jp/digital/video/lzbs00043/lzbs00043ps.jpg
ケイ・エム・プロ...,清純で可愛らしい18才美少女のつたない騎乗位50人,https://www.dmm.co.jp/digital/videoa/-/detail/=/cid=84umso00205/,https://pics.dmm.co.jp/digital/video/84umso00205/84umso00205ps.jpg
プラネットプラス,「あなる凌●診察」初芽里奈,https://www.dmm.co.jp/digital/videoa/-/detail/=/cid=h_237nisr00001/,https://pics.dmm.co.jp/digital/video/h_237nisr00001/h_237nisr00001ps.jpg
ROOKIE,複数の男たちで顔もカラダも精子で汚しまくる！ぶっかけ輪●BEST 16時間,https://www.dmm.co.jp/digital/videoa/-/detail/=/cid=rki00381/,https://pics.dmm.co.jp/digital/video/rki00381/rki00381ps.jpg
プラネットプラス,喉奥まで咥えさせ唾液でグッチョグチョ 美少女イラマチオ24人,https://www.dmm.co.jp/digital/videoa/-/detail/=/cid=h_237ambs00049/,https://pics.dmm.co.jp/digital/video/h_237ambs00049/h_237ambs00049ps.jpg
レズれ！,クリやマ○コを擦るだけじゃイキ足りないオンナたち 羞恥、拘束、淫語のSMヘンタイ凌●性交にハマるレズビアン 厳選ベスト5時間,https://www.dmm.co.jp/digital/videoa/-/detail/=/cid=lzbs00077/,https://pics.dmm.co.jp/digital/video/lzbs00077/lzbs00077ps.jpg
ムーディーズ,ドラマシーンも収録で臨場感たっぷり！！その女がレ●プされた理由…,https://www.dmm.co.jp/digital/videoa/-/detail/=/cid=mibd00740/,https://pics.dmm.co.jp/digital/video/mibd00740/mibd00740ps.jpg
プラネットプラス,まるっと！初芽里奈 3,https://www.dmm.co.jp/digital/videoa/-/detail/=/cid=h_237zmar00011/,https://pics.dmm.co.jp/digital/video/h_237zmar00011/h_237zmar00011ps.jpg
中嶋興業,公然体罰2 初芽里奈,https://www.dmm.co.jp/digital/videoa/-/detail/=/cid=nkd00105/,https://pics.dmm.co.jp/digital/video/nkd00105/nkd00105ps.jpg
ROOKIE,高画質 悶え苦しむ拘束 16時間,https://www.dmm.co.jp/digital/videoa/-/detail/=/cid=rki00295/,https://pics.dmm.co.jp/digital/video/rki00295/rki00295ps.jpg
ケー・トライブ,変態パパと無垢な娘の性遊戯 4人収録 460分 4枚組BOX,https://www.dmm.co.jp/digital/videoa/-/detail/=/cid=h_094ktra00361/,https://pics.dmm.co.jp/digital/video/h_094ktra00361/h_094ktra00361ps.jpg
ROOKIE,乳首は人一倍敏感！「微乳・貧乳・無乳」厳選小乳BEST！16時間 38人！,https://www.dmm.co.jp/digital/videoa/-/detail/=/cid=rki00281/,https://pics.dmm.co.jp/digital/video/rki00281/rki00281ps.jpg
SODクリエイト,身長145cm未満のミニミニちびっ娘3人組！営業中の男湯に潜り込んでパパには内緒のイタズラごっこ,https://www.dmm.co.jp/digital/videoa/-/detail/=/cid=1sdmt00464/,https://pics.dmm.co.jp/digital/video/1sdmt00464/1sdmt00464ps.jpg
ムーディーズ,集団輪●！！ 連続中出し BEST vol.2,https://www.dmm.co.jp/digital/videoa/-/detail/=/cid=mibd00790/,https://pics.dmm.co.jp/digital/video/mibd00790/mibd00790ps.jpg
ROOKIE,凌●と鬼畜の凶気姦獄 16時間,https://www.dmm.co.jp/digital/videoa/-/detail/=/cid=rki00371/,https://pics.dmm.co.jp/digital/video/rki00371/rki00371ps.jpg
レズれ！,ノーモザイク・レズれ！食い込み大増量乱交ver.,https://www.dmm.co.jp/digital/videoa/-/detail/=/cid=lzwm00022/,https://pics.dmm.co.jp/digital/video/lzwm00022/lzwm00022ps.jpg
GIGA,高飛車お嬢様ヒロイン汚男餓鬼地獄 聖女戦士シェラザード 初芽里奈,https://www.dmm.co.jp/digital/videoa/-/detail/=/cid=h_173ghko00021/,https://pics.dmm.co.jp/digital/video/h_173ghko00021/h_173ghko00021ps.jpg
ROOKIE,凌●は中出しするまで終わらない16時間,https://www.dmm.co.jp/digital/videoa/-/detail/=/cid=rbb00011/,https://pics.dmm.co.jp/digital/video/rbb00011/rbb00011ps.jpg
ムーディーズ,中出し射精直前の生だからより気持ちのいいピストン,https://www.dmm.co.jp/digital/videoa/-/detail/=/cid=mibd00724/,https://pics.dmm.co.jp/digital/video/mibd00724/mibd00724ps.jpg
プラネットプラス,Petit Story 小さな○精の4つのお話 初芽里奈,https://www.dmm.co.jp/digital/videoa/-/detail/=/cid=h_237ambi00027/,https://pics.dmm.co.jp/digital/video/h_237ambi00027/h_237ambi00027ps.jpg
ミニマム,あの日の思い出 身長の小さな女の子 コレクション発表会 上巻,https://www.dmm.co.jp/digital/videoa/-/detail/=/cid=mmt00001/,https://pics.dmm.co.jp/digital/video/mmt00001/mmt00001ps.jpg
レズれ！,レズれ！シリーズBEST ドS女優をドMのセックス・モンスターが●す。 コンプリート5時間 SP,https://www.dmm.co.jp/digital/videoa/-/detail/=/cid=lzbs00032/,https://pics.dmm.co.jp/digital/video/lzbs00032/lzbs00032ps.jpg
レズれ！,激震パイ揺れ！暴走腰振り騎乗位 厳選ベスト5時間 オマ○コ感度無限大オーガズムお見せします！！,https://www.dmm.co.jp/digital/videoa/-/detail/=/cid=lzbs00064/,https://pics.dmm.co.jp/digital/video/lzbs00064/lzbs00064ps.jpg
プラネットプラス,貧乳女優BEST10人,https://www.dmm.co.jp/digital/videoa/-/detail/=/cid=h_237ambs00063/,https://pics.dmm.co.jp/digital/video/h_237ambs00063/h_237ambs00063ps.jpg
アンナと花子,パイパンなかよしレズビアン りな・まり,https://www.dmm.co.jp/digital/videoa/-/detail/=/cid=annd00104/,https://pics.dmm.co.jp/digital/video/annd00104/annd00104ps.jpg
レズれ！,女監督ハルナのトリプルレズ ぺニバンシンドローム,https://www.dmm.co.jp/digital/videoa/-/detail/=/cid=lzpl00025/,https://pics.dmm.co.jp/digital/video/lzpl00025/lzpl00025ps.jpg
バルタン,初潮からあんまり経ってない子,https://www.dmm.co.jp/digital/videoa/-/detail/=/cid=h_452tmcy00035/,https://pics.dmm.co.jp/digital/video/h_452tmcy00035/h_452tmcy00035ps.jpg
ケー・トライブ,娘と淫行 ロリ体型の娘との近親セックス実録 純白パイパンワレメ遊戯 初芽里奈,https://www.dmm.co.jp/digital/videoa/-/detail/=/cid=h_094ktds00741/,https://pics.dmm.co.jp/digital/video/h_094ktds00741/h_094ktds00741ps.jpg
ムーディーズ,1年365通りの日替わり中出し16時間,https://www.dmm.co.jp/digital/videoa/-/detail/=/cid=mibd00735/,https://pics.dmm.co.jp/digital/video/mibd00735/mibd00735ps.jpg
ケー・トライブ,ロリ体型の娘と近親セックス淫行1 4時間,https://www.dmm.co.jp/digital/videoa/-/detail/=/cid=h_094ktds00756/,https://pics.dmm.co.jp/digital/video/h_094ktds00756/h_094ktds00756ps.jpg
ワープエンタテイ...,幼●時代 04 いつもとちがうおままごと りなとりこ,https://www.dmm.co.jp/digital/videoa/-/detail/=/cid=2cwm00185/,https://pics.dmm.co.jp/digital/video/2cwm00185/2cwm00185ps.jpg
ワープエンタテイ...,【VR】世界でいちばんパパが好き 初芽里奈,https://www.dmm.co.jp/digital/videoa/-/detail/=/cid=2wpvr00113/,https://pics.dmm.co.jp/digital/video/2wpvr00113/2wpvr00113ps.jpg
CHANGE,M男熱狂！サディスティック美少女メイド 有村千佳 初芽里奈,https://www.dmm.co.jp/digital/videoa/-/detail/=/cid=cagg00008/,https://pics.dmm.co.jp/digital/video/cagg00008/cagg00008ps.jpg
中嶋興業,少女人形と変態三兄弟 変態飼育8,https://www.dmm.co.jp/digital/videoa/-/detail/=/cid=std00021/,https://pics.dmm.co.jp/digital/video/std00021/std00021ps.jpg
ケイ・エム・プロ...,ロリ100人8時間 2,https://www.dmm.co.jp/digital/videoa/-/detail/=/cid=84hyas00066/,https://pics.dmm.co.jp/digital/video/84hyas00066/84hyas00066ps.jpg
レズれ！,淫蜜拷問女人集団 ポルチオレズエステ ～愛と哀しみのオーガズム～ 狂い泣く女体に欲情する女たち,https://www.dmm.co.jp/digital/videoa/-/detail/=/cid=lzan00011/,https://pics.dmm.co.jp/digital/video/lzan00011/lzan00011ps.jpg
プラネットプラス,おぼこい少女たちのちゅぱちゅぱフェラ 厳選24人,https://www.dmm.co.jp/digital/videoa/-/detail/=/cid=h_237ambs00018/,https://pics.dmm.co.jp/digital/video/h_237ambs00018/h_237ambs00018ps.jpg
セレブの友,美熟女オナニー8時間78人100シーン,https://www.dmm.co.jp/digital/videoa/-/detail/=/cid=cead00116/,https://pics.dmm.co.jp/digital/video/cead00116/cead00116ps.jpg
レズれ！,レズれ！双頭ディルドレズセックス厳選ベスト5時間 膣中突き合いと「あなたのイキ顔で…」さらに高まるオンナ達の絶頂オーガズムお見せします！,https://www.dmm.co.jp/digital/videoa/-/detail/=/cid=lzbs00040/,https://pics.dmm.co.jp/digital/video/lzbs00040/lzbs00040ps.jpg
プラネットプラス,ちっぱい少女に濃厚中出しセックス12人,https://www.dmm.co.jp/digital/videoa/-/detail/=/cid=h_237ambs00041/,https://pics.dmm.co.jp/digital/video/h_237ambs00041/h_237ambs00041ps.jpg
ケイ・エム・プロ...,パンチラ好きのあなたがフルボッキで思わずシコシコしてしまう！パックリ開いてじっくり見せる！挑発パンモロ娘,https://www.dmm.co.jp/digital/videoa/-/detail/=/cid=84okax00424/,https://pics.dmm.co.jp/digital/video/84okax00424/84okax00424ps.jpg
